video_annotation_label_id,label_name,label_hierarchy,unspecific,family,genus,species,interested,feeding,frames
4416408,Longfin Banner (Heniochus acuminatus),Disk-shaped/Colourful > Butterflyfishes (Chaetodontidae) > Longfin Banner (Heniochus acuminatus),Disk-shaped/Colourful,Chaetodontidae,Heniochus,acuminatus,,,[4.02121]
4416409,Longfin Banner (Heniochus acuminatus),Disk-shaped/Colourful > Butterflyfishes (Chaetodontidae) > Longfin Banner (Heniochus acuminatus),Disk-shaped/Colourful,Chaetodontidae,Heniochus,acuminatus,,,[4.02121]
4416431,False-eye (Abudefduf sparoides),Small Ovals - Damselfishes > Damselfishes (Pomacentridae) > False-eye (Abudefduf sparoides),Small Ovals - Damselfishes,Pomacentridae,Abudefduf,sparoides,,,[4.02121]
4416439,Black-lipped (Chaetodon kleinii),Disk-shaped/Colourful > Butterflyfishes (Chaetodontidae) > Black-lipped (Chaetodon kleinii),Disk-shaped/Colourful,Chaetodontidae,Chaetodon,kleinii,,,[4.02121]
4416440,Black-lipped (Chaetodon kleinii),Disk-shaped/Colourful > Butterflyfishes (Chaetodontidae) > Black-lipped (Chaetodon kleinii),Disk-shaped/Colourful,Chaetodontidae,Chaetodon,kleinii,,,[4.02121]
4416456,Black-lipped (Chaetodon kleinii),Disk-shaped/Colourful > Butterflyfishes (Chaetodontidae) > Black-lipped (Chaetodon kleinii),Disk-shaped/Colourful,Chaetodontidae,Chaetodon,kleinii,,,[4.060556]
4416458,Black-lipped (Chaetodon kleinii),Disk-shaped/Colourful > Butterflyfishes (Chaetodontidae) > Black-lipped (Chaetodon kleinii),Disk-shaped/Colourful,Chaetodontidae,Chaetodon,kleinii,,,[4.060556]
4416461,Black-lipped (Chaetodon kleinii),Disk-shaped/Colourful > Butterflyfishes (Chaetodontidae) > Black-lipped (Chaetodon kleinii),Disk-shaped/Colourful,Chaetodontidae,Chaetodon,kleinii,,,[4.060556]
4416462,Black-lipped (Chaetodon kleinii),Disk-shaped/Colourful > Butterflyfishes (Chaetodontidae) > Black-lipped (Chaetodon kleinii),Disk-shaped/Colourful,Chaetodontidae,Chaetodon,kleinii,,,[4.060556]
4416464,Black-lipped (Chaetodon kleinii),Disk-shaped/Colourful > Butterflyfishes (Chaetodontidae) > Black-lipped (Chaetodon kleinii),Disk-shaped/Colourful,Chaetodontidae,Chaetodon,kleinii,,,[4.060556]
4416471,Threespot Dascyllus (Dascyllus trimaculatus),Small Ovals - Damselfishes > Damselfishes (Pomacentridae) > Threespot Dascyllus (Dascyllus trimaculatus),Small Ovals - Damselfishes,Pomacentridae,Dascyllus,trimaculatus,,,[5.873608]
4416472,Threespot Dascyllus (Dascyllus trimaculatus),Small Ovals - Damselfishes > Damselfishes (Pomacentridae) > Threespot Dascyllus (Dascyllus trimaculatus),Small Ovals - Damselfishes,Pomacentridae,Dascyllus,trimaculatus,,,[5.873608]
4416474,Threespot Dascyllus (Dascyllus trimaculatus),Small Ovals - Damselfishes > Damselfishes (Pomacentridae) > Threespot Dascyllus (Dascyllus trimaculatus),Small Ovals - Damselfishes,Pomacentridae,Dascyllus,trimaculatus,,,[5.873608]
4416475,Threespot Dascyllus (Dascyllus trimaculatus),Small Ovals - Damselfishes > Damselfishes (Pomacentridae) > Threespot Dascyllus (Dascyllus trimaculatus),Small Ovals - Damselfishes,Pomacentridae,Dascyllus,trimaculatus,,,[5.873608]
4416477,Threespot Dascyllus (Dascyllus trimaculatus),Small Ovals - Damselfishes > Damselfishes (Pomacentridae) > Threespot Dascyllus (Dascyllus trimaculatus),Small Ovals - Damselfishes,Pomacentridae,Dascyllus,trimaculatus,,,[5.873608]
4416478,Threespot Dascyllus (Dascyllus trimaculatus),Small Ovals - Damselfishes > Damselfishes (Pomacentridae) > Threespot Dascyllus (Dascyllus trimaculatus),Small Ovals - Damselfishes,Pomacentridae,Dascyllus,trimaculatus,,,[5.873608]
4416479,Threespot Dascyllus (Dascyllus trimaculatus),Small Ovals - Damselfishes > Damselfishes (Pomacentridae) > Threespot Dascyllus (Dascyllus trimaculatus),Small Ovals - Damselfishes,Pomacentridae,Dascyllus,trimaculatus,,,[5.873608]
4416490,Fusiliers (Caesionidae),Slender Schoolers/Colourful > Fusiliers (Caesionidae),Slender Schoolers/Colourful,Caesionidae,Caesionidae,,,,[5.873608]
4416491,Fusiliers (Caesionidae),Slender Schoolers/Colourful > Fusiliers (Caesionidae),Slender Schoolers/Colourful,Caesionidae,Caesionidae,,,,[5.873608]
4416492,Fusiliers (Caesionidae),Slender Schoolers/Colourful > Fusiliers (Caesionidae),Slender Schoolers/Colourful,Caesionidae,Caesionidae,,,,[5.873608]
4416506,Speckled (Parapercis hexophthalma),Elongate Sand & Burrow Dwellers > Sandperches (Pinguipedidae) > Speckled (Parapercis hexophthalma),Elongate Sand & Burrow Dwellers,Pinguipedidae,Parapercis,hexophthalma,,,[12.110673]
4416521,Humpnose Bigeye (Monotaxis grandoculis),Sloping Heads > Emperors (Lethrinidae) > Humpnose Bigeye (Monotaxis grandoculis),Sloping Heads,Lethrinidae,Monotaxis,grandoculis,,,[15.269957]
4416527,Green (Amblyglyphidodon indicus),Small Ovals - Damselfishes > Damselfishes (Pomacentridae) > Green (Amblyglyphidodon indicus),Small Ovals - Damselfishes,Pomacentridae,Amblyglyphidodon,indicus,,,[16.882822]
4416542,Green (Amblyglyphidodon indicus),Small Ovals - Damselfishes > Damselfishes (Pomacentridae) > Green (Amblyglyphidodon indicus),Small Ovals - Damselfishes,Pomacentridae,Amblyglyphidodon,indicus,,,[19.640941]
4416593,Moon (Thalassoma lunare),Wrasses > Wrasses (Labridae) > Moon (Thalassoma lunare),Wrasses,Labridae,Thalassoma,lunare,,,[22.927975]
4416594,Moon (Thalassoma lunare),Wrasses > Wrasses (Labridae) > Moon (Thalassoma lunare),Wrasses,Labridae,Thalassoma,lunare,,,[22.927975]
4416595,Moon (Thalassoma lunare),Wrasses > Wrasses (Labridae) > Moon (Thalassoma lunare),Wrasses,Labridae,Thalassoma,lunare,,,[22.927975]
4416596,Moon (Thalassoma lunare),Wrasses > Wrasses (Labridae) > Moon (Thalassoma lunare),Wrasses,Labridae,Thalassoma,lunare,,,[22.927975]
4416597,Moon (Thalassoma lunare),Wrasses > Wrasses (Labridae) > Moon (Thalassoma lunare),Wrasses,Labridae,Thalassoma,lunare,,,[22.927975]
4416600,Moon (Thalassoma lunare),Wrasses > Wrasses (Labridae) > Moon (Thalassoma lunare),Wrasses,Labridae,Thalassoma,lunare,,,[22.927975]
4416602,Moon (Thalassoma lunare),Wrasses > Wrasses (Labridae) > Moon (Thalassoma lunare),Wrasses,Labridae,Thalassoma,lunare,,,[22.927975]
4416617,Humpback (Lutjanus gibbus),Sloping Heads > Snappers (Lutjanidae) > Humpback (Lutjanus gibbus),Sloping Heads,Lutjanidae,Lutjanus,gibbus,,,[25.821767]
4416618,Humpback (Lutjanus gibbus),Sloping Heads > Snappers (Lutjanidae) > Humpback (Lutjanus gibbus),Sloping Heads,Lutjanidae,Lutjanus,gibbus,,,[25.821767]
4416635,Humpback (Lutjanus gibbus),Sloping Heads > Snappers (Lutjanidae) > Humpback (Lutjanus gibbus),Sloping Heads,Lutjanidae,Lutjanus,gibbus,,,[25.262454]
4416637,Humpback (Lutjanus gibbus),Sloping Heads > Snappers (Lutjanidae) > Humpback (Lutjanus gibbus),Sloping Heads,Lutjanidae,Lutjanus,gibbus,,,[25.262454]
4416639,Humpback (Lutjanus gibbus),Sloping Heads > Snappers (Lutjanidae) > Humpback (Lutjanus gibbus),Sloping Heads,Lutjanidae,Lutjanus,gibbus,,,[25.262454]
4416640,Humpback (Lutjanus gibbus),Sloping Heads > Snappers (Lutjanidae) > Humpback (Lutjanus gibbus),Sloping Heads,Lutjanidae,Lutjanus,gibbus,,,[25.262454]
4416641,Humpback (Lutjanus gibbus),Sloping Heads > Snappers (Lutjanidae) > Humpback (Lutjanus gibbus),Sloping Heads,Lutjanidae,Lutjanus,gibbus,,,[25.262454]
4416659,Green (Amblyglyphidodon indicus),Small Ovals - Damselfishes > Damselfishes (Pomacentridae) > Green (Amblyglyphidodon indicus),Small Ovals - Damselfishes,Pomacentridae,Amblyglyphidodon,indicus,,,[30.007604]
4416660,Green (Amblyglyphidodon indicus),Small Ovals - Damselfishes > Damselfishes (Pomacentridae) > Green (Amblyglyphidodon indicus),Small Ovals - Damselfishes,Pomacentridae,Amblyglyphidodon,indicus,,,[30.007604]
4416663,Green (Amblyglyphidodon indicus),Small Ovals - Damselfishes > Damselfishes (Pomacentridae) > Green (Amblyglyphidodon indicus),Small Ovals - Damselfishes,Pomacentridae,Amblyglyphidodon,indicus,,,[30.007604]
4416665,Green (Amblyglyphidodon indicus),Small Ovals - Damselfishes > Damselfishes (Pomacentridae) > Green (Amblyglyphidodon indicus),Small Ovals - Damselfishes,Pomacentridae,Amblyglyphidodon,indicus,,,[30.007604]
4416673,Green (Amblyglyphidodon indicus),Small Ovals - Damselfishes > Damselfishes (Pomacentridae) > Green (Amblyglyphidodon indicus),Small Ovals - Damselfishes,Pomacentridae,Amblyglyphidodon,indicus,,,[27.452257]
4416675,Groupers (Serranidae),Heavy Bodies/Large Lips > Groupers (Serranidae),Heavy Bodies/Large Lips,Serranidae,Serranidae,,,,[38.466343]
4416676,Red (Lutjanus bohar),Sloping Heads > Snappers (Lutjanidae) > Red (Lutjanus bohar),Sloping Heads,Lutjanidae,Lutjanus,bohar,,,[38.466343]
4416677,Groupers Feeding,Heavy Bodies/Large Lips > Groupers (Serranidae) > Groupers Feeding,Heavy Bodies/Large Lips,Serranidae,,Groupers,,feeding,[37.13245]
4416678,Longfin Banner Feeding,Disk-shaped/Colourful > Butterflyfishes (Chaetodontidae) > Longfin Banner (Heniochus acuminatus) > Longfin Banner Feeding,Disk-shaped/Colourful,Chaetodontidae,,Longfin Banner,,feeding,[37.13245]
4416679,Threespot Dascyllus (Dascyllus trimaculatus),Small Ovals - Damselfishes > Damselfishes (Pomacentridae) > Threespot Dascyllus (Dascyllus trimaculatus),Small Ovals - Damselfishes,Pomacentridae,Dascyllus,trimaculatus,,,[45.943311]
4416680,Threespot Dascyllus (Dascyllus trimaculatus),Small Ovals - Damselfishes > Damselfishes (Pomacentridae) > Threespot Dascyllus (Dascyllus trimaculatus),Small Ovals - Damselfishes,Pomacentridae,Dascyllus,trimaculatus,,,[45.943311]
4416681,Threespot Dascyllus (Dascyllus trimaculatus),Small Ovals - Damselfishes > Damselfishes (Pomacentridae) > Threespot Dascyllus (Dascyllus trimaculatus),Small Ovals - Damselfishes,Pomacentridae,Dascyllus,trimaculatus,,,[45.943311]
4416682,Threespot Dascyllus (Dascyllus trimaculatus),Small Ovals - Damselfishes > Damselfishes (Pomacentridae) > Threespot Dascyllus (Dascyllus trimaculatus),Small Ovals - Damselfishes,Pomacentridae,Dascyllus,trimaculatus,,,[45.943311]
4416683,Threespot Dascyllus (Dascyllus trimaculatus),Small Ovals - Damselfishes > Damselfishes (Pomacentridae) > Threespot Dascyllus (Dascyllus trimaculatus),Small Ovals - Damselfishes,Pomacentridae,Dascyllus,trimaculatus,,,[45.943311]
4416684,Threespot Dascyllus (Dascyllus trimaculatus),Small Ovals - Damselfishes > Damselfishes (Pomacentridae) > Threespot Dascyllus (Dascyllus trimaculatus),Small Ovals - Damselfishes,Pomacentridae,Dascyllus,trimaculatus,,,[45.943311]
4416685,Threespot Dascyllus (Dascyllus trimaculatus),Small Ovals - Damselfishes > Damselfishes (Pomacentridae) > Threespot Dascyllus (Dascyllus trimaculatus),Small Ovals - Damselfishes,Pomacentridae,Dascyllus,trimaculatus,,,[45.943311]
4416686,Threespot Dascyllus (Dascyllus trimaculatus),Small Ovals - Damselfishes > Damselfishes (Pomacentridae) > Threespot Dascyllus (Dascyllus trimaculatus),Small Ovals - Damselfishes,Pomacentridae,Dascyllus,trimaculatus,,,[45.943311]
4416687,Threespot Dascyllus (Dascyllus trimaculatus),Small Ovals - Damselfishes > Damselfishes (Pomacentridae) > Threespot Dascyllus (Dascyllus trimaculatus),Small Ovals - Damselfishes,Pomacentridae,Dascyllus,trimaculatus,,,[45.943311]
4417788,Humpback (Lutjanus gibbus),Sloping Heads > Snappers (Lutjanidae) > Humpback (Lutjanus gibbus),Sloping Heads,Lutjanidae,Lutjanus,gibbus,,,[64.510965]
4417789,Humpback (Lutjanus gibbus),Sloping Heads > Snappers (Lutjanidae) > Humpback (Lutjanus gibbus),Sloping Heads,Lutjanidae,Lutjanus,gibbus,,,[64.510965]
4417790,Humpback (Lutjanus gibbus),Sloping Heads > Snappers (Lutjanidae) > Humpback (Lutjanus gibbus),Sloping Heads,Lutjanidae,Lutjanus,gibbus,,,[64.510965]
4417791,Humpback (Lutjanus gibbus),Sloping Heads > Snappers (Lutjanidae) > Humpback (Lutjanus gibbus),Sloping Heads,Lutjanidae,Lutjanus,gibbus,,,[64.510965]
4417792,Humpback (Lutjanus gibbus),Sloping Heads > Snappers (Lutjanidae) > Humpback (Lutjanus gibbus),Sloping Heads,Lutjanidae,Lutjanus,gibbus,,,[64.510965]
4417793,Humpback (Lutjanus gibbus),Sloping Heads > Snappers (Lutjanidae) > Humpback (Lutjanus gibbus),Sloping Heads,Lutjanidae,Lutjanus,gibbus,,,[64.510965]
4417794,Humpback (Lutjanus gibbus),Sloping Heads > Snappers (Lutjanidae) > Humpback (Lutjanus gibbus),Sloping Heads,Lutjanidae,Lutjanus,gibbus,,,[64.510965]
4417795,Humpback (Lutjanus gibbus),Sloping Heads > Snappers (Lutjanidae) > Humpback (Lutjanus gibbus),Sloping Heads,Lutjanidae,Lutjanus,gibbus,,,[64.510965]
4417796,Humpback (Lutjanus gibbus),Sloping Heads > Snappers (Lutjanidae) > Humpback (Lutjanus gibbus),Sloping Heads,Lutjanidae,Lutjanus,gibbus,,,[64.510965]
4417797,Humpback (Lutjanus gibbus),Sloping Heads > Snappers (Lutjanidae) > Humpback (Lutjanus gibbus),Sloping Heads,Lutjanidae,Lutjanus,gibbus,,,[64.510965]
4417799,Humpback (Lutjanus gibbus),Sloping Heads > Snappers (Lutjanidae) > Humpback (Lutjanus gibbus),Sloping Heads,Lutjanidae,Lutjanus,gibbus,,,[64.510965]
4417800,Humpback (Lutjanus gibbus),Sloping Heads > Snappers (Lutjanidae) > Humpback (Lutjanus gibbus),Sloping Heads,Lutjanidae,Lutjanus,gibbus,,,[64.510965]
4417803,Fusiliers (Caesionidae),Slender Schoolers/Colourful > Fusiliers (Caesionidae),Slender Schoolers/Colourful,Caesionidae,Caesionidae,,,,[68.654242]
4417804,Fusiliers (Caesionidae),Slender Schoolers/Colourful > Fusiliers (Caesionidae),Slender Schoolers/Colourful,Caesionidae,Caesionidae,,,,[68.654242]
4417805,Fusiliers (Caesionidae),Slender Schoolers/Colourful > Fusiliers (Caesionidae),Slender Schoolers/Colourful,Caesionidae,Caesionidae,,,,[68.654242]
4417806,Fusiliers (Caesionidae),Slender Schoolers/Colourful > Fusiliers (Caesionidae),Slender Schoolers/Colourful,Caesionidae,Caesionidae,,,,[68.654242]
4417810,Groupers (Serranidae),Heavy Bodies/Large Lips > Groupers (Serranidae),Heavy Bodies/Large Lips,Serranidae,Serranidae,,,,[88.822867]
4417811,Groupers (Serranidae),Heavy Bodies/Large Lips > Groupers (Serranidae),Heavy Bodies/Large Lips,Serranidae,Serranidae,,,,[88.822867]
4417812,Monk (Acanthurus gahhm),Large Ovals > Surgeonfishes (Acanthuridae) > Monk (Acanthurus gahhm),Large Ovals,Acanthuridae,Acanthurus,gahhm,,,[91.588944]
4417819,Groupers Feeding,Heavy Bodies/Large Lips > Groupers (Serranidae) > Groupers Feeding,Heavy Bodies/Large Lips,Serranidae,,Groupers,,feeding,[100.145621]
4417820,Groupers Feeding,Heavy Bodies/Large Lips > Groupers (Serranidae) > Groupers Feeding,Heavy Bodies/Large Lips,Serranidae,,Groupers,,feeding,[100.145621]
4417823,Red Feeding,Sloping Heads > Snappers (Lutjanidae) > Red (Lutjanus bohar) > Red Feeding,Sloping Heads,Lutjanidae,,Red,,feeding,[105.780971]
4417824,Humpback Feeding,Sloping Heads > Snappers (Lutjanidae) > Humpback (Lutjanus gibbus) > Humpback Feeding,Sloping Heads,Lutjanidae,,Humpback,,feeding,[106.314737]
4417832,Humpback (Lutjanus gibbus),Sloping Heads > Snappers (Lutjanidae) > Humpback (Lutjanus gibbus),Sloping Heads,Lutjanidae,Lutjanus,gibbus,,,[114.66953]
4417833,Humpback (Lutjanus gibbus),Sloping Heads > Snappers (Lutjanidae) > Humpback (Lutjanus gibbus),Sloping Heads,Lutjanidae,Lutjanus,gibbus,,,[114.66953]
4417834,Humpback (Lutjanus gibbus),Sloping Heads > Snappers (Lutjanidae) > Humpback (Lutjanus gibbus),Sloping Heads,Lutjanidae,Lutjanus,gibbus,,,[114.66953]
4417835,Humpback (Lutjanus gibbus),Sloping Heads > Snappers (Lutjanidae) > Humpback (Lutjanus gibbus),Sloping Heads,Lutjanidae,Lutjanus,gibbus,,,[114.66953]
4417836,Humpback (Lutjanus gibbus),Sloping Heads > Snappers (Lutjanidae) > Humpback (Lutjanus gibbus),Sloping Heads,Lutjanidae,Lutjanus,gibbus,,,[114.66953]
4417837,Humpback (Lutjanus gibbus),Sloping Heads > Snappers (Lutjanidae) > Humpback (Lutjanus gibbus),Sloping Heads,Lutjanidae,Lutjanus,gibbus,,,[114.66953]
4417838,Humpback (Lutjanus gibbus),Sloping Heads > Snappers (Lutjanidae) > Humpback (Lutjanus gibbus),Sloping Heads,Lutjanidae,Lutjanus,gibbus,,,[114.66953]
4417839,Humpback (Lutjanus gibbus),Sloping Heads > Snappers (Lutjanidae) > Humpback (Lutjanus gibbus),Sloping Heads,Lutjanidae,Lutjanus,gibbus,,,[114.66953]
4417840,Humpback (Lutjanus gibbus),Sloping Heads > Snappers (Lutjanidae) > Humpback (Lutjanus gibbus),Sloping Heads,Lutjanidae,Lutjanus,gibbus,,,[114.66953]
4417841,Humpback (Lutjanus gibbus),Sloping Heads > Snappers (Lutjanidae) > Humpback (Lutjanus gibbus),Sloping Heads,Lutjanidae,Lutjanus,gibbus,,,[114.66953]
4417842,Humpback (Lutjanus gibbus),Sloping Heads > Snappers (Lutjanidae) > Humpback (Lutjanus gibbus),Sloping Heads,Lutjanidae,Lutjanus,gibbus,,,[114.66953]
4417843,Humpback (Lutjanus gibbus),Sloping Heads > Snappers (Lutjanidae) > Humpback (Lutjanus gibbus),Sloping Heads,Lutjanidae,Lutjanus,gibbus,,,[114.66953]
4417844,Humpback (Lutjanus gibbus),Sloping Heads > Snappers (Lutjanidae) > Humpback (Lutjanus gibbus),Sloping Heads,Lutjanidae,Lutjanus,gibbus,,,[114.66953]
4417846,Humpback (Lutjanus gibbus),Sloping Heads > Snappers (Lutjanidae) > Humpback (Lutjanus gibbus),Sloping Heads,Lutjanidae,Lutjanus,gibbus,,,[114.66953]
4417847,Humpback (Lutjanus gibbus),Sloping Heads > Snappers (Lutjanidae) > Humpback (Lutjanus gibbus),Sloping Heads,Lutjanidae,Lutjanus,gibbus,,,[114.66953]
4417849,Humpback (Lutjanus gibbus),Sloping Heads > Snappers (Lutjanidae) > Humpback (Lutjanus gibbus),Sloping Heads,Lutjanidae,Lutjanus,gibbus,,,[114.66953]
4417851,Humpback (Lutjanus gibbus),Sloping Heads > Snappers (Lutjanidae) > Humpback (Lutjanus gibbus),Sloping Heads,Lutjanidae,Lutjanus,gibbus,,,[114.66953]
4417853,Humpback (Lutjanus gibbus),Sloping Heads > Snappers (Lutjanidae) > Humpback (Lutjanus gibbus),Sloping Heads,Lutjanidae,Lutjanus,gibbus,,,[114.66953]
4417855,Humpback Feeding,Sloping Heads > Snappers (Lutjanidae) > Humpback (Lutjanus gibbus) > Humpback Feeding,Sloping Heads,Lutjanidae,,Humpback,,feeding,[117.234509]
4417856,Humpback Feeding,Sloping Heads > Snappers (Lutjanidae) > Humpback (Lutjanus gibbus) > Humpback Feeding,Sloping Heads,Lutjanidae,,Humpback,,feeding,[117.234509]
4417857,Humpback Feeding,Sloping Heads > Snappers (Lutjanidae) > Humpback (Lutjanus gibbus) > Humpback Feeding,Sloping Heads,Lutjanidae,,Humpback,,feeding,[117.234509]
4417858,Humpback Interested,Sloping Heads > Snappers (Lutjanidae) > Humpback (Lutjanus gibbus) > Humpback Interested,Sloping Heads,Lutjanidae,,Humpback,interested,,[117.690063]
4417859,Humpback Interested,Sloping Heads > Snappers (Lutjanidae) > Humpback (Lutjanus gibbus) > Humpback Interested,Sloping Heads,Lutjanidae,,Humpback,interested,,[117.690063]
4417860,Humpback Interested,Sloping Heads > Snappers (Lutjanidae) > Humpback (Lutjanus gibbus) > Humpback Interested,Sloping Heads,Lutjanidae,,Humpback,interested,,[117.690063]
4417861,Humpback Interested,Sloping Heads > Snappers (Lutjanidae) > Humpback (Lutjanus gibbus) > Humpback Interested,Sloping Heads,Lutjanidae,,Humpback,interested,,[117.690063]
4417862,Humpback Interested,Sloping Heads > Snappers (Lutjanidae) > Humpback (Lutjanus gibbus) > Humpback Interested,Sloping Heads,Lutjanidae,,Humpback,interested,,[117.690063]
4417863,Humpback Interested,Sloping Heads > Snappers (Lutjanidae) > Humpback (Lutjanus gibbus) > Humpback Interested,Sloping Heads,Lutjanidae,,Humpback,interested,,[117.690063]
4417864,Humpback Interested,Sloping Heads > Snappers (Lutjanidae) > Humpback (Lutjanus gibbus) > Humpback Interested,Sloping Heads,Lutjanidae,,Humpback,interested,,[117.690063]
4417865,Humpback Interested,Sloping Heads > Snappers (Lutjanidae) > Humpback (Lutjanus gibbus) > Humpback Interested,Sloping Heads,Lutjanidae,,Humpback,interested,,[117.690063]
4417866,Monk (Acanthurus gahhm),Large Ovals > Surgeonfishes (Acanthuridae) > Monk (Acanthurus gahhm),Large Ovals,Acanthuridae,Acanthurus,gahhm,,,[119.3133]
4417867,Monk (Acanthurus gahhm),Large Ovals > Surgeonfishes (Acanthuridae) > Monk (Acanthurus gahhm),Large Ovals,Acanthuridae,Acanthurus,gahhm,,,[119.3133]
4417868,Monk (Acanthurus gahhm),Large Ovals > Surgeonfishes (Acanthuridae) > Monk (Acanthurus gahhm),Large Ovals,Acanthuridae,Acanthurus,gahhm,,,[119.3133]
4417873,Groupers (Serranidae),Heavy Bodies/Large Lips > Groupers (Serranidae),Heavy Bodies/Large Lips,Serranidae,Serranidae,,,,[120.362084]
4417874,Groupers (Serranidae),Heavy Bodies/Large Lips > Groupers (Serranidae),Heavy Bodies/Large Lips,Serranidae,Serranidae,,,,[120.362084]
4417875,Groupers (Serranidae),Heavy Bodies/Large Lips > Groupers (Serranidae),Heavy Bodies/Large Lips,Serranidae,Serranidae,,,,[120.362084]
4417882,Red (Lutjanus bohar),Sloping Heads > Snappers (Lutjanidae) > Red (Lutjanus bohar),Sloping Heads,Lutjanidae,Lutjanus,bohar,,,[132.530138]
4417883,Red (Lutjanus bohar),Sloping Heads > Snappers (Lutjanidae) > Red (Lutjanus bohar),Sloping Heads,Lutjanidae,Lutjanus,bohar,,,[132.530138]
4417898,Parrotfishes (Scaridae),Parrotfishes > Parrotfishes (Scaridae),Parrotfishes,Scaridae,Scaridae,,,,[131.662621]
4417903,Humpnose Bigeye (Monotaxis grandoculis),Sloping Heads > Emperors (Lethrinidae) > Humpnose Bigeye (Monotaxis grandoculis),Sloping Heads,Lethrinidae,Monotaxis,grandoculis,,,[163.935847]
4417904,Humpnose Bigeye (Monotaxis grandoculis),Sloping Heads > Emperors (Lethrinidae) > Humpnose Bigeye (Monotaxis grandoculis),Sloping Heads,Lethrinidae,Monotaxis,grandoculis,,,[163.935847]
4417910,Threespot Dascyllus (Dascyllus trimaculatus),Small Ovals - Damselfishes > Damselfishes (Pomacentridae) > Threespot Dascyllus (Dascyllus trimaculatus),Small Ovals - Damselfishes,Pomacentridae,Dascyllus,trimaculatus,,,[190.838925]
4417911,Threespot Dascyllus (Dascyllus trimaculatus),Small Ovals - Damselfishes > Damselfishes (Pomacentridae) > Threespot Dascyllus (Dascyllus trimaculatus),Small Ovals - Damselfishes,Pomacentridae,Dascyllus,trimaculatus,,,[190.838925]
4417912,Threespot Dascyllus (Dascyllus trimaculatus),Small Ovals - Damselfishes > Damselfishes (Pomacentridae) > Threespot Dascyllus (Dascyllus trimaculatus),Small Ovals - Damselfishes,Pomacentridae,Dascyllus,trimaculatus,,,[190.838925]
4417913,Threespot Dascyllus (Dascyllus trimaculatus),Small Ovals - Damselfishes > Damselfishes (Pomacentridae) > Threespot Dascyllus (Dascyllus trimaculatus),Small Ovals - Damselfishes,Pomacentridae,Dascyllus,trimaculatus,,,[190.838925]
4417914,Threespot Dascyllus (Dascyllus trimaculatus),Small Ovals - Damselfishes > Damselfishes (Pomacentridae) > Threespot Dascyllus (Dascyllus trimaculatus),Small Ovals - Damselfishes,Pomacentridae,Dascyllus,trimaculatus,,,[190.838925]
4417915,Threespot Dascyllus (Dascyllus trimaculatus),Small Ovals - Damselfishes > Damselfishes (Pomacentridae) > Threespot Dascyllus (Dascyllus trimaculatus),Small Ovals - Damselfishes,Pomacentridae,Dascyllus,trimaculatus,,,[190.838925]
4417916,Threespot Dascyllus (Dascyllus trimaculatus),Small Ovals - Damselfishes > Damselfishes (Pomacentridae) > Threespot Dascyllus (Dascyllus trimaculatus),Small Ovals - Damselfishes,Pomacentridae,Dascyllus,trimaculatus,,,[190.838925]
4417917,Threespot Dascyllus (Dascyllus trimaculatus),Small Ovals - Damselfishes > Damselfishes (Pomacentridae) > Threespot Dascyllus (Dascyllus trimaculatus),Small Ovals - Damselfishes,Pomacentridae,Dascyllus,trimaculatus,,,[190.838925]
4417918,Threespot Dascyllus (Dascyllus trimaculatus),Small Ovals - Damselfishes > Damselfishes (Pomacentridae) > Threespot Dascyllus (Dascyllus trimaculatus),Small Ovals - Damselfishes,Pomacentridae,Dascyllus,trimaculatus,,,[190.838925]
4417919,Threespot Dascyllus (Dascyllus trimaculatus),Small Ovals - Damselfishes > Damselfishes (Pomacentridae) > Threespot Dascyllus (Dascyllus trimaculatus),Small Ovals - Damselfishes,Pomacentridae,Dascyllus,trimaculatus,,,[190.838925]
4417920,Threespot Dascyllus (Dascyllus trimaculatus),Small Ovals - Damselfishes > Damselfishes (Pomacentridae) > Threespot Dascyllus (Dascyllus trimaculatus),Small Ovals - Damselfishes,Pomacentridae,Dascyllus,trimaculatus,,,[190.838925]
4417921,Threespot Dascyllus (Dascyllus trimaculatus),Small Ovals - Damselfishes > Damselfishes (Pomacentridae) > Threespot Dascyllus (Dascyllus trimaculatus),Small Ovals - Damselfishes,Pomacentridae,Dascyllus,trimaculatus,,,[190.838925]
4417922,Threespot Dascyllus (Dascyllus trimaculatus),Small Ovals - Damselfishes > Damselfishes (Pomacentridae) > Threespot Dascyllus (Dascyllus trimaculatus),Small Ovals - Damselfishes,Pomacentridae,Dascyllus,trimaculatus,,,[190.838925]
4417923,Interested,Small Ovals - Damselfishes > Damselfishes (Pomacentridae) > Threespot Dascyllus (Dascyllus trimaculatus) > Interested,Small Ovals - Damselfishes,Pomacentridae,,Interested,,,[202.264168]
4417924,Interested,Small Ovals - Damselfishes > Damselfishes (Pomacentridae) > Threespot Dascyllus (Dascyllus trimaculatus) > Interested,Small Ovals - Damselfishes,Pomacentridae,,Interested,,,[202.264168]
4417925,Interested,Small Ovals - Damselfishes > Damselfishes (Pomacentridae) > Threespot Dascyllus (Dascyllus trimaculatus) > Interested,Small Ovals - Damselfishes,Pomacentridae,,Interested,,,[202.264168]
4417926,Interested,Small Ovals - Damselfishes > Damselfishes (Pomacentridae) > Threespot Dascyllus (Dascyllus trimaculatus) > Interested,Small Ovals - Damselfishes,Pomacentridae,,Interested,,,[202.264168]
4417927,Interested,Small Ovals - Damselfishes > Damselfishes (Pomacentridae) > Threespot Dascyllus (Dascyllus trimaculatus) > Interested,Small Ovals - Damselfishes,Pomacentridae,,Interested,,,[202.264168]
4417928,Interested,Small Ovals - Damselfishes > Damselfishes (Pomacentridae) > Threespot Dascyllus (Dascyllus trimaculatus) > Interested,Small Ovals - Damselfishes,Pomacentridae,,Interested,,,[202.264168]
4417929,Interested,Small Ovals - Damselfishes > Damselfishes (Pomacentridae) > Threespot Dascyllus (Dascyllus trimaculatus) > Interested,Small Ovals - Damselfishes,Pomacentridae,,Interested,,,[202.264168]
4417950,Speckled (Parapercis hexophthalma),Elongate Sand & Burrow Dwellers > Sandperches (Pinguipedidae) > Speckled (Parapercis hexophthalma),Elongate Sand & Burrow Dwellers,Pinguipedidae,Parapercis,hexophthalma,,,[241.01199]
4417951,Speckled (Parapercis hexophthalma),Elongate Sand & Burrow Dwellers > Sandperches (Pinguipedidae) > Speckled (Parapercis hexophthalma),Elongate Sand & Burrow Dwellers,Pinguipedidae,Parapercis,hexophthalma,,,[241.01199]
4417952,Speckled (Parapercis hexophthalma),Elongate Sand & Burrow Dwellers > Sandperches (Pinguipedidae) > Speckled (Parapercis hexophthalma),Elongate Sand & Burrow Dwellers,Pinguipedidae,Parapercis,hexophthalma,,,[241.01199]
4417960,Blue barred (Scarus ghobban),Parrotfishes > Parrotfishes (Scaridae) > Blue barred (Scarus ghobban),Parrotfishes,Scaridae,Scarus,ghobban,,,[276.230625]
4417961,Parrotfishes (Scaridae),Parrotfishes > Parrotfishes (Scaridae),Parrotfishes,Scaridae,Scaridae,,,,[283.328994]
4417962,Parrotfishes (Scaridae),Parrotfishes > Parrotfishes (Scaridae),Parrotfishes,Scaridae,Scaridae,,,,[283.328994]
4417963,Parrotfishes (Scaridae),Parrotfishes > Parrotfishes (Scaridae),Parrotfishes,Scaridae,Scaridae,,,,[283.328994]
4417969,Coral (Cephalopholis miniata),Heavy Bodies/Large Lips > Groupers (Serranidae) > Coral (Cephalopholis miniata),Heavy Bodies/Large Lips,Serranidae,Cephalopholis,miniata,,,[350.552972]
4417970,Threadfin (Chaetodon auriga),Disk-shaped/Colourful > Butterflyfishes (Chaetodontidae) > Threadfin (Chaetodon auriga),Disk-shaped/Colourful,Chaetodontidae,Chaetodon,auriga,,,[357.482947]
4417982,Longbarbel (Parupeneus macronemus),Odd-shaped Swimmers > Goatfishes (Mullidae) > Longbarbel (Parupeneus macronemus),Odd-shaped Swimmers,Mullidae,Parupeneus,macronemus,,,[460.905411]
4417987,Lined Bristletooth (Ctenochaetus striatus),Large Ovals > Surgeonfishes (Acanthuridae) > Lined Bristletooth (Ctenochaetus striatus),Large Ovals,Acanthuridae,Ctenochaetus,striatus,,,[523.079321]
4417990,Threadfin (Chaetodon auriga),Disk-shaped/Colourful > Butterflyfishes (Chaetodontidae) > Threadfin (Chaetodon auriga),Disk-shaped/Colourful,Chaetodontidae,Chaetodon,auriga,,,[58.267069]
4417991,Threadfin (Chaetodon auriga),Disk-shaped/Colourful > Butterflyfishes (Chaetodontidae) > Threadfin (Chaetodon auriga),Disk-shaped/Colourful,Chaetodontidae,Chaetodon,auriga,,,[58.267069]
4418015,Fusiliers (Caesionidae),Slender Schoolers/Colourful > Fusiliers (Caesionidae),Slender Schoolers/Colourful,Caesionidae,Caesionidae,,,,[254.973708]
4418016,Fusiliers (Caesionidae),Slender Schoolers/Colourful > Fusiliers (Caesionidae),Slender Schoolers/Colourful,Caesionidae,Caesionidae,,,,[254.973708]
4418017,Fusiliers (Caesionidae),Slender Schoolers/Colourful > Fusiliers (Caesionidae),Slender Schoolers/Colourful,Caesionidae,Caesionidae,,,,[254.973708]
4418018,Fusiliers (Caesionidae),Slender Schoolers/Colourful > Fusiliers (Caesionidae),Slender Schoolers/Colourful,Caesionidae,Caesionidae,,,,[254.973708]
4418019,Fusiliers (Caesionidae),Slender Schoolers/Colourful > Fusiliers (Caesionidae),Slender Schoolers/Colourful,Caesionidae,Caesionidae,,,,[254.973708]
4418023,Fusiliers (Caesionidae),Slender Schoolers/Colourful > Fusiliers (Caesionidae),Slender Schoolers/Colourful,Caesionidae,Caesionidae,,,,[272.561876]
4418024,Fusiliers (Caesionidae),Slender Schoolers/Colourful > Fusiliers (Caesionidae),Slender Schoolers/Colourful,Caesionidae,Caesionidae,,,,[272.561876]
4418025,Fusiliers (Caesionidae),Slender Schoolers/Colourful > Fusiliers (Caesionidae),Slender Schoolers/Colourful,Caesionidae,Caesionidae,,,,[272.561876]
4418026,Fusiliers (Caesionidae),Slender Schoolers/Colourful > Fusiliers (Caesionidae),Slender Schoolers/Colourful,Caesionidae,Caesionidae,,,,[272.561876]
4418028,Fusiliers (Caesionidae),Slender Schoolers/Colourful > Fusiliers (Caesionidae),Slender Schoolers/Colourful,Caesionidae,Caesionidae,,,,[272.561876]
4418029,Fusiliers (Caesionidae),Slender Schoolers/Colourful > Fusiliers (Caesionidae),Slender Schoolers/Colourful,Caesionidae,Caesionidae,,,,[272.561876]
4418030,Fusiliers (Caesionidae),Slender Schoolers/Colourful > Fusiliers (Caesionidae),Slender Schoolers/Colourful,Caesionidae,Caesionidae,,,,[272.561876]
4418043,Paletail Unicorn (Naso brevirostris),Large Ovals > Surgeonfishes (Acanthuridae) > Paletail Unicorn (Naso brevirostris),Large Ovals,Acanthuridae,Naso,brevirostris,,,[357.282687]
4418044,Paletail Unicorn (Naso brevirostris),Large Ovals > Surgeonfishes (Acanthuridae) > Paletail Unicorn (Naso brevirostris),Large Ovals,Acanthuridae,Naso,brevirostris,,,[357.282687]
4418047,Coral (Cephalopholis miniata),Heavy Bodies/Large Lips > Groupers (Serranidae) > Coral (Cephalopholis miniata),Heavy Bodies/Large Lips,Serranidae,Cephalopholis,miniata,,,[369.331479]
4418048,Coral (Cephalopholis miniata),Heavy Bodies/Large Lips > Groupers (Serranidae) > Coral (Cephalopholis miniata),Heavy Bodies/Large Lips,Serranidae,Cephalopholis,miniata,,,[369.331479]
4418053,Moorish Idol (Zanclus cornutus),Large Ovals > Moorish Idol (Zanclidae) > Moorish Idol (Zanclus cornutus),Large Ovals,Zanclidae,Zanclus,cornutus,,,[392.382951]
4418064,Emperor (Pomacanthus imperator),Disk-shaped/Colourful > Angelfishes (Pomacanthidae) > Emperor (Pomacanthus imperator),Disk-shaped/Colourful,Pomacanthidae,Pomacanthus,imperator,,,[453.018542]
4418087,Snubnose (Lethrinus borbonicus),Sloping Heads > Emperors (Lethrinidae) > Snubnose (Lethrinus borbonicus),Sloping Heads,Lethrinidae,Lethrinus,borbonicus,,,[119.500002]
4418128,Yellowhead (Chaetodon xanthocephalus),Disk-shaped/Colourful > Butterflyfishes (Chaetodontidae) > Yellowhead (Chaetodon xanthocephalus),Disk-shaped/Colourful,Chaetodontidae,Chaetodon,xanthocephalus,,,[325.108029]
4418144,Longbarbel (Parupeneus macronemus),Odd-shaped Swimmers > Goatfishes (Mullidae) > Longbarbel (Parupeneus macronemus),Odd-shaped Swimmers,Mullidae,Parupeneus,macronemus,,,[474.127276]
4418145,Longbarbel (Parupeneus macronemus),Odd-shaped Swimmers > Goatfishes (Mullidae) > Longbarbel (Parupeneus macronemus),Odd-shaped Swimmers,Mullidae,Parupeneus,macronemus,,,[474.127276]
4418146,Longbarbel (Parupeneus macronemus),Odd-shaped Swimmers > Goatfishes (Mullidae) > Longbarbel (Parupeneus macronemus),Odd-shaped Swimmers,Mullidae,Parupeneus,macronemus,,,[474.127276]
4418147,Longbarbel (Parupeneus macronemus),Odd-shaped Swimmers > Goatfishes (Mullidae) > Longbarbel (Parupeneus macronemus),Odd-shaped Swimmers,Mullidae,Parupeneus,macronemus,,,[474.127276]
4418213,Lined Bristletooth (Ctenochaetus striatus),Large Ovals > Surgeonfishes (Acanthuridae) > Lined Bristletooth (Ctenochaetus striatus),Large Ovals,Acanthuridae,Ctenochaetus,striatus,,,[16.267781]
4418214,Lined Bristletooth (Ctenochaetus striatus),Large Ovals > Surgeonfishes (Acanthuridae) > Lined Bristletooth (Ctenochaetus striatus),Large Ovals,Acanthuridae,Ctenochaetus,striatus,,,[16.267781]
4418276,Lined Bristletooth (Ctenochaetus striatus),Large Ovals > Surgeonfishes (Acanthuridae) > Lined Bristletooth (Ctenochaetus striatus),Large Ovals,Acanthuridae,Ctenochaetus,striatus,,,[314.593138]
4418277,Lined Bristletooth (Ctenochaetus striatus),Large Ovals > Surgeonfishes (Acanthuridae) > Lined Bristletooth (Ctenochaetus striatus),Large Ovals,Acanthuridae,Ctenochaetus,striatus,,,[316.437988]
4418375,Moon (Thalassoma lunare),Wrasses > Wrasses (Labridae) > Moon (Thalassoma lunare),Wrasses,Labridae,Thalassoma,lunare,,,[381.500924]
4418376,Moon (Thalassoma lunare),Wrasses > Wrasses (Labridae) > Moon (Thalassoma lunare),Wrasses,Labridae,Thalassoma,lunare,,,[381.500924]
4418377,Moon (Thalassoma lunare),Wrasses > Wrasses (Labridae) > Moon (Thalassoma lunare),Wrasses,Labridae,Thalassoma,lunare,,,[381.500924]
4418378,Moon (Thalassoma lunare),Wrasses > Wrasses (Labridae) > Moon (Thalassoma lunare),Wrasses,Labridae,Thalassoma,lunare,,,[381.500924]
4418379,Moon (Thalassoma lunare),Wrasses > Wrasses (Labridae) > Moon (Thalassoma lunare),Wrasses,Labridae,Thalassoma,lunare,,,[381.500924]
4418380,Moon (Thalassoma lunare),Wrasses > Wrasses (Labridae) > Moon (Thalassoma lunare),Wrasses,Labridae,Thalassoma,lunare,,,[381.500924]
4418381,Moon (Thalassoma lunare),Wrasses > Wrasses (Labridae) > Moon (Thalassoma lunare),Wrasses,Labridae,Thalassoma,lunare,,,[381.500924]
4418382,Moon (Thalassoma lunare),Wrasses > Wrasses (Labridae) > Moon (Thalassoma lunare),Wrasses,Labridae,Thalassoma,lunare,,,[381.500924]
4418383,Moon (Thalassoma lunare),Wrasses > Wrasses (Labridae) > Moon (Thalassoma lunare),Wrasses,Labridae,Thalassoma,lunare,,,[381.500924]
4418386,Moon (Thalassoma lunare),Wrasses > Wrasses (Labridae) > Moon (Thalassoma lunare),Wrasses,Labridae,Thalassoma,lunare,,,[381.500924]
4418387,Moon (Thalassoma lunare),Wrasses > Wrasses (Labridae) > Moon (Thalassoma lunare),Wrasses,Labridae,Thalassoma,lunare,,,[381.500924]
4418392,Blue-streak (Labroides dimidiatus),Wrasses > Wrasses (Labridae) > Blue-streak (Labroides dimidiatus),Wrasses,Labridae,Labroides,dimidiatus,,,[389.851583]
4418429,Cornetfishes (Fistulariidae),Odd-shaped Swimmers > Cornetfishes (Fistulariidae),Odd-shaped Swimmers,Fistulariidae,Fistulariidae,,,,[198.195699]
4418430,Cornetfishes (Fistulariidae),Odd-shaped Swimmers > Cornetfishes (Fistulariidae),Odd-shaped Swimmers,Fistulariidae,Fistulariidae,,,,[212.268248]
4418431,Cornetfishes (Fistulariidae),Odd-shaped Swimmers > Cornetfishes (Fistulariidae),Odd-shaped Swimmers,Fistulariidae,Fistulariidae,,,,[212.268248]
4418434,Blackwhite (Macolor niger),Sloping Heads > Snappers (Lutjanidae) > Blackwhite (Macolor niger),Sloping Heads,Lutjanidae,Macolor,niger,,,[237.573818]
4418458,Saddleback (Chaetodon falcula),Disk-shaped/Colourful > Butterflyfishes (Chaetodontidae) > Saddleback (Chaetodon falcula),Disk-shaped/Colourful,Chaetodontidae,Chaetodon,falcula,,,[311.908001]
4418470,Cornetfishes (Fistulariidae),Odd-shaped Swimmers > Cornetfishes (Fistulariidae),Odd-shaped Swimmers,Fistulariidae,Fistulariidae,,,,[353.83636]
4418471,Cornetfishes (Fistulariidae),Odd-shaped Swimmers > Cornetfishes (Fistulariidae),Odd-shaped Swimmers,Fistulariidae,Fistulariidae,,,,[353.83636]
4418472,Cornetfishes (Fistulariidae),Odd-shaped Swimmers > Cornetfishes (Fistulariidae),Odd-shaped Swimmers,Fistulariidae,Fistulariidae,,,,[353.83636]
4418473,Cornetfishes (Fistulariidae),Odd-shaped Swimmers > Cornetfishes (Fistulariidae),Odd-shaped Swimmers,Fistulariidae,Fistulariidae,,,,[353.83636]
4418474,Cornetfishes (Fistulariidae),Odd-shaped Swimmers > Cornetfishes (Fistulariidae),Odd-shaped Swimmers,Fistulariidae,Fistulariidae,,,,[353.83636]
4418475,Cornetfishes (Fistulariidae),Odd-shaped Swimmers > Cornetfishes (Fistulariidae),Odd-shaped Swimmers,Fistulariidae,Fistulariidae,,,,[353.83636]
4418487,Black-backed (Chaetodon melannotus),Disk-shaped/Colourful > Butterflyfishes (Chaetodontidae) > Black-backed (Chaetodon melannotus),Disk-shaped/Colourful,Chaetodontidae,Chaetodon,melannotus,,,[400.474109]
4418488,Black-backed (Chaetodon melannotus),Disk-shaped/Colourful > Butterflyfishes (Chaetodontidae) > Black-backed (Chaetodon melannotus),Disk-shaped/Colourful,Chaetodontidae,Chaetodon,melannotus,,,[400.474109]
4418490,Indian Redfin (Chaetodon trifasciatus),Disk-shaped/Colourful > Butterflyfishes (Chaetodontidae) > Indian Redfin (Chaetodon trifasciatus),Disk-shaped/Colourful,Chaetodontidae,Chaetodon,trifasciatus,,,[401.639829]
4418491,Indian Redfin (Chaetodon trifasciatus),Disk-shaped/Colourful > Butterflyfishes (Chaetodontidae) > Indian Redfin (Chaetodon trifasciatus),Disk-shaped/Colourful,Chaetodontidae,Chaetodon,trifasciatus,,,[401.639829]
4418493,Longfin Banner Feeding,Disk-shaped/Colourful > Butterflyfishes (Chaetodontidae) > Longfin Banner (Heniochus acuminatus) > Longfin Banner Feeding,Disk-shaped/Colourful,Chaetodontidae,,Longfin Banner,,feeding,[464.787663]
4418494,Longfin Banner Feeding,Disk-shaped/Colourful > Butterflyfishes (Chaetodontidae) > Longfin Banner (Heniochus acuminatus) > Longfin Banner Feeding,Disk-shaped/Colourful,Chaetodontidae,,Longfin Banner,,feeding,[464.787663]
4418498,Titan (Balistoides viridescens),Odd-shaped Swimmers > Triggerfishes (Balistidae) > Titan (Balistoides viridescens),Odd-shaped Swimmers,Balistidae,Balistoides,viridescens,,,[517.900335]
4418638,Moon Feeding,Wrasses > Wrasses (Labridae) > Moon (Thalassoma lunare) > Moon Feeding,Wrasses,Labridae,,Moon,,feeding,[332.153206]
4418639,Moon Feeding,Wrasses > Wrasses (Labridae) > Moon (Thalassoma lunare) > Moon Feeding,Wrasses,Labridae,,Moon,,feeding,[332.153206]
4418640,Moon Feeding,Wrasses > Wrasses (Labridae) > Moon (Thalassoma lunare) > Moon Feeding,Wrasses,Labridae,,Moon,,feeding,[332.153206]
4418641,Arabian Monocle (Scolopsis ghanam),Sloping Heads > Coral Breams (Nemipteridae) > Arabian Monocle (Scolopsis ghanam),Sloping Heads,Nemipteridae,Scolopsis,ghanam,,,[378.716571]
4418642,Longfin Banner (Heniochus acuminatus),Disk-shaped/Colourful > Butterflyfishes (Chaetodontidae) > Longfin Banner (Heniochus acuminatus),Disk-shaped/Colourful,Chaetodontidae,Heniochus,acuminatus,,,[406.244152]
4418643,Longfin Banner (Heniochus acuminatus),Disk-shaped/Colourful > Butterflyfishes (Chaetodontidae) > Longfin Banner (Heniochus acuminatus),Disk-shaped/Colourful,Chaetodontidae,Heniochus,acuminatus,,,[406.244152]
4418644,Longfin Banner (Heniochus acuminatus),Disk-shaped/Colourful > Butterflyfishes (Chaetodontidae) > Longfin Banner (Heniochus acuminatus),Disk-shaped/Colourful,Chaetodontidae,Heniochus,acuminatus,,,[406.244152]
4418645,Peacock (Cephalopholis argus),Heavy Bodies/Large Lips > Groupers (Serranidae) > Peacock (Cephalopholis argus),Heavy Bodies/Large Lips,Serranidae,Cephalopholis,argus,,,[433.176974]
4418647,Peacock (Cephalopholis argus),Heavy Bodies/Large Lips > Groupers (Serranidae) > Peacock (Cephalopholis argus),Heavy Bodies/Large Lips,Serranidae,Cephalopholis,argus,,,[455.237913]
4418648,Peacock (Cephalopholis argus),Heavy Bodies/Large Lips > Groupers (Serranidae) > Peacock (Cephalopholis argus),Heavy Bodies/Large Lips,Serranidae,Cephalopholis,argus,,,[455.237913]
4418649,Genus Chromis,Small Ovals - Damselfishes > Damselfishes (Pomacentridae) > Genus Chromis,Small Ovals - Damselfishes,Pomacentridae,,Genus Chromis,,,[494.996075]
4418650,Lined Bristletooth (Ctenochaetus striatus),Large Ovals > Surgeonfishes (Acanthuridae) > Lined Bristletooth (Ctenochaetus striatus),Large Ovals,Acanthuridae,Ctenochaetus,striatus,,,[531.562]
4418651,Lined Bristletooth (Ctenochaetus striatus),Large Ovals > Surgeonfishes (Acanthuridae) > Lined Bristletooth (Ctenochaetus striatus),Large Ovals,Acanthuridae,Ctenochaetus,striatus,,,[531.562]
4418652,Lined Bristletooth (Ctenochaetus striatus),Large Ovals > Surgeonfishes (Acanthuridae) > Lined Bristletooth (Ctenochaetus striatus),Large Ovals,Acanthuridae,Ctenochaetus,striatus,,,[531.562]
