video_annotation_label_id,label_id,label_name,label_hierarchy,user_id,firstname,lastname,video_id,video_filename,shape_id,shape_name,points,frames,annotation_id,created_at,attributes
3617505,379872,"Threespot Dascyllus (Dascyllus trimaculatus)","Small Ovals - Damselfishes > Damselfishes (Pomacentridae) > Threespot Dascyllus (Dascyllus trimaculatus)",3843,Max,Romes,39978,10.12.24_Nursery_algaemix_ganzrichtig.mp4,1,Point,"[[445.85,250.84]]",[47.8645],3077111,"2025-08-26 10:08:10","{""mimetype"":""video\/mp4"",""size"":7045140732,""width"":1920,""height"":1080}"
3617506,379872,"Threespot Dascyllus (Dascyllus trimaculatus)","Small Ovals - Damselfishes > Damselfishes (Pomacentridae) > Threespot Dascyllus (Dascyllus trimaculatus)",3843,Max,Romes,39978,10.12.24_Nursery_algaemix_ganzrichtig.mp4,1,Point,"[[1201.1,419.98]]",[47.8645],3077112,"2025-08-26 10:08:11","{""mimetype"":""video\/mp4"",""size"":7045140732,""width"":1920,""height"":1080}"
3617507,376546,"Paletail Unicorn (Naso brevirostris)","Large Ovals > Surgeonfishes (Acanthuridae) > Paletail Unicorn (Naso brevirostris)",3843,Max,Romes,39978,10.12.24_Nursery_algaemix_ganzrichtig.mp4,1,Point,"[[589.51,724.16]]",[49.813213],3077113,"2025-08-26 10:08:19","{""mimetype"":""video\/mp4"",""size"":7045140732,""width"":1920,""height"":1080}"
3617508,376546,"Paletail Unicorn (Naso brevirostris)","Large Ovals > Surgeonfishes (Acanthuridae) > Paletail Unicorn (Naso brevirostris)",3843,Max,Romes,39978,10.12.24_Nursery_algaemix_ganzrichtig.mp4,1,Point,"[[619.38,664.46]]",[49.813213],3077114,"2025-08-26 10:08:20","{""mimetype"":""video\/mp4"",""size"":7045140732,""width"":1920,""height"":1080}"
3617509,376546,"Paletail Unicorn (Naso brevirostris)","Large Ovals > Surgeonfishes (Acanthuridae) > Paletail Unicorn (Naso brevirostris)",3843,Max,Romes,39978,10.12.24_Nursery_algaemix_ganzrichtig.mp4,1,Point,"[[627.91,641.72]]",[49.813213],3077115,"2025-08-26 10:08:20","{""mimetype"":""video\/mp4"",""size"":7045140732,""width"":1920,""height"":1080}"
3617510,376546,"Paletail Unicorn (Naso brevirostris)","Large Ovals > Surgeonfishes (Acanthuridae) > Paletail Unicorn (Naso brevirostris)",3843,Max,Romes,39978,10.12.24_Nursery_algaemix_ganzrichtig.mp4,1,Point,"[[572.44,559.28]]",[49.813213],3077116,"2025-08-26 10:08:21","{""mimetype"":""video\/mp4"",""size"":7045140732,""width"":1920,""height"":1080}"
3617511,376590,"False-eye (Abudefduf sparoides)","Small Ovals - Damselfishes > Damselfishes (Pomacentridae) > False-eye (Abudefduf sparoides)",3843,Max,Romes,39978,10.12.24_Nursery_algaemix_ganzrichtig.mp4,1,Point,"[[526.93,543.64]]",[50.30211],3077117,"2025-08-26 10:08:27","{""mimetype"":""video\/mp4"",""size"":7045140732,""width"":1920,""height"":1080}"
3617512,442948,"Humpback (Lutjanus gibbus)","Sloping Heads > Snappers (Lutjanidae) > Humpback (Lutjanus gibbus)",3843,Max,Romes,39978,10.12.24_Nursery_algaemix_ganzrichtig.mp4,1,Point,"[[1494.1,776.75]]",[52.282154],3077118,"2025-08-26 10:08:35","{""mimetype"":""video\/mp4"",""size"":7045140732,""width"":1920,""height"":1080}"
3617513,376882,"Parrotfishes (Scaridae)","Parrotfishes > Parrotfishes (Scaridae)",3843,Max,Romes,39978,10.12.24_Nursery_algaemix_ganzrichtig.mp4,1,Point,"[[268.07,705.68]]",[58.605746],3077119,"2025-08-26 10:08:48","{""mimetype"":""video\/mp4"",""size"":7045140732,""width"":1920,""height"":1080}"
3617514,376882,"Parrotfishes (Scaridae)","Parrotfishes > Parrotfishes (Scaridae)",3843,Max,Romes,39978,10.12.24_Nursery_algaemix_ganzrichtig.mp4,1,Point,"[[737.43,773.9]]",[58.605746],3077120,"2025-08-26 10:08:49","{""mimetype"":""video\/mp4"",""size"":7045140732,""width"":1920,""height"":1080}"
3617515,376882,"Parrotfishes (Scaridae)","Parrotfishes > Parrotfishes (Scaridae)",3843,Max,Romes,39978,10.12.24_Nursery_algaemix_ganzrichtig.mp4,1,Point,"[[623.64,728.42]]",[58.605746],3077121,"2025-08-26 10:08:51","{""mimetype"":""video\/mp4"",""size"":7045140732,""width"":1920,""height"":1080}"
3617516,377437,"Longbarbel (Parupeneus macronemus)","Odd-shaped Swimmers > Goatfishes (Mullidae) > Longbarbel (Parupeneus macronemus)",3843,Max,Romes,39978,10.12.24_Nursery_algaemix_ganzrichtig.mp4,1,Point,"[[302.2,392.98]]",[63.772253],3077122,"2025-08-26 10:09:03","{""mimetype"":""video\/mp4"",""size"":7045140732,""width"":1920,""height"":1080}"
3617517,427191,"Paletail Unicorn Feeding","Large Ovals > Surgeonfishes (Acanthuridae) > Paletail Unicorn (Naso brevirostris) > Paletail Unicorn Feeding",3843,Max,Romes,39978,10.12.24_Nursery_algaemix_ganzrichtig.mp4,1,Point,"[[903.84,297.74]]",[67.861405],3077123,"2025-08-26 10:09:17","{""mimetype"":""video\/mp4"",""size"":7045140732,""width"":1920,""height"":1080}"
3617518,427191,"Paletail Unicorn Feeding","Large Ovals > Surgeonfishes (Acanthuridae) > Paletail Unicorn (Naso brevirostris) > Paletail Unicorn Feeding",3843,Max,Romes,39978,10.12.24_Nursery_algaemix_ganzrichtig.mp4,1,Point,"[[842.68,491.05]]",[67.861405],3077124,"2025-08-26 10:09:18","{""mimetype"":""video\/mp4"",""size"":7045140732,""width"":1920,""height"":1080}"
3617519,427191,"Paletail Unicorn Feeding","Large Ovals > Surgeonfishes (Acanthuridae) > Paletail Unicorn (Naso brevirostris) > Paletail Unicorn Feeding",3843,Max,Romes,39978,10.12.24_Nursery_algaemix_ganzrichtig.mp4,1,Point,"[[835.57,584.86]]",[67.861405],3077125,"2025-08-26 10:09:18","{""mimetype"":""video\/mp4"",""size"":7045140732,""width"":1920,""height"":1080}"
3617520,427191,"Paletail Unicorn Feeding","Large Ovals > Surgeonfishes (Acanthuridae) > Paletail Unicorn (Naso brevirostris) > Paletail Unicorn Feeding",3843,Max,Romes,39978,10.12.24_Nursery_algaemix_ganzrichtig.mp4,1,Point,"[[768.72,537.96]]",[67.861405],3077126,"2025-08-26 10:09:19","{""mimetype"":""video\/mp4"",""size"":7045140732,""width"":1920,""height"":1080}"
3617531,442948,"Humpback (Lutjanus gibbus)","Sloping Heads > Snappers (Lutjanidae) > Humpback (Lutjanus gibbus)",3843,Max,Romes,39978,10.12.24_Nursery_algaemix_ganzrichtig.mp4,1,Point,"[[1913.68,533.69]]",[82.195057],3077137,"2025-08-26 10:10:10","{""mimetype"":""video\/mp4"",""size"":7045140732,""width"":1920,""height"":1080}"
3617532,442948,"Humpback (Lutjanus gibbus)","Sloping Heads > Snappers (Lutjanidae) > Humpback (Lutjanus gibbus)",3843,Max,Romes,39978,10.12.24_Nursery_algaemix_ganzrichtig.mp4,1,Point,"[[1206.79,340.39]]",[82.195057],3077138,"2025-08-26 10:10:11","{""mimetype"":""video\/mp4"",""size"":7045140732,""width"":1920,""height"":1080}"
3617533,442948,"Humpback (Lutjanus gibbus)","Sloping Heads > Snappers (Lutjanidae) > Humpback (Lutjanus gibbus)",3843,Max,Romes,39978,10.12.24_Nursery_algaemix_ganzrichtig.mp4,1,Point,"[[1215.33,377.34]]",[82.195057],3077139,"2025-08-26 10:10:11","{""mimetype"":""video\/mp4"",""size"":7045140732,""width"":1920,""height"":1080}"
3617534,442948,"Humpback (Lutjanus gibbus)","Sloping Heads > Snappers (Lutjanidae) > Humpback (Lutjanus gibbus)",3843,Max,Romes,39978,10.12.24_Nursery_algaemix_ganzrichtig.mp4,1,Point,"[[475.72,643.14]]",[82.195057],3077140,"2025-08-26 10:10:12","{""mimetype"":""video\/mp4"",""size"":7045140732,""width"":1920,""height"":1080}"
3617535,442948,"Humpback (Lutjanus gibbus)","Sloping Heads > Snappers (Lutjanidae) > Humpback (Lutjanus gibbus)",3843,Max,Romes,39978,10.12.24_Nursery_algaemix_ganzrichtig.mp4,1,Point,"[[757.34,563.54]]",[82.195057],3077141,"2025-08-26 10:10:13","{""mimetype"":""video\/mp4"",""size"":7045140732,""width"":1920,""height"":1080}"
3617536,442948,"Humpback (Lutjanus gibbus)","Sloping Heads > Snappers (Lutjanidae) > Humpback (Lutjanus gibbus)",3843,Max,Romes,39978,10.12.24_Nursery_algaemix_ganzrichtig.mp4,1,Point,"[[1080.21,594.81]]",[82.195057],3077142,"2025-08-26 10:10:15","{""mimetype"":""video\/mp4"",""size"":7045140732,""width"":1920,""height"":1080}"
3617537,442948,"Humpback (Lutjanus gibbus)","Sloping Heads > Snappers (Lutjanidae) > Humpback (Lutjanus gibbus)",3843,Max,Romes,39978,10.12.24_Nursery_algaemix_ganzrichtig.mp4,1,Point,"[[737.43,414.3]]",[82.195057],3077143,"2025-08-26 10:10:20","{""mimetype"":""video\/mp4"",""size"":7045140732,""width"":1920,""height"":1080}"
3617538,427036,"Genus Chromis","Small Ovals - Damselfishes > Damselfishes (Pomacentridae) > Genus Chromis",3843,Max,Romes,39978,10.12.24_Nursery_algaemix_ganzrichtig.mp4,1,Point,"[[1121.45,299.17]]",[82.448039],3077144,"2025-08-26 10:10:28","{""mimetype"":""video\/mp4"",""size"":7045140732,""width"":1920,""height"":1080}"
3617539,376546,"Paletail Unicorn (Naso brevirostris)","Large Ovals > Surgeonfishes (Acanthuridae) > Paletail Unicorn (Naso brevirostris)",3843,Max,Romes,39978,10.12.24_Nursery_algaemix_ganzrichtig.mp4,1,Point,"[[1030.42,812.28]]",[83.413254],3077145,"2025-08-26 10:10:36","{""mimetype"":""video\/mp4"",""size"":7045140732,""width"":1920,""height"":1080}"
3617540,376546,"Paletail Unicorn (Naso brevirostris)","Large Ovals > Surgeonfishes (Acanthuridae) > Paletail Unicorn (Naso brevirostris)",3843,Max,Romes,39978,10.12.24_Nursery_algaemix_ganzrichtig.mp4,1,Point,"[[1074.52,773.9]]",[83.413254],3077146,"2025-08-26 10:10:36","{""mimetype"":""video\/mp4"",""size"":7045140732,""width"":1920,""height"":1080}"
3617541,376546,"Paletail Unicorn (Naso brevirostris)","Large Ovals > Surgeonfishes (Acanthuridae) > Paletail Unicorn (Naso brevirostris)",3843,Max,Romes,39978,10.12.24_Nursery_algaemix_ganzrichtig.mp4,1,Point,"[[1131.41,734.11]]",[83.413254],3077147,"2025-08-26 10:10:37","{""mimetype"":""video\/mp4"",""size"":7045140732,""width"":1920,""height"":1080}"
3617542,376546,"Paletail Unicorn (Naso brevirostris)","Large Ovals > Surgeonfishes (Acanthuridae) > Paletail Unicorn (Naso brevirostris)",3843,Max,Romes,39978,10.12.24_Nursery_algaemix_ganzrichtig.mp4,1,Point,"[[1029,691.47]]",[83.413254],3077148,"2025-08-26 10:10:37","{""mimetype"":""video\/mp4"",""size"":7045140732,""width"":1920,""height"":1080}"
3617543,376546,"Paletail Unicorn (Naso brevirostris)","Large Ovals > Surgeonfishes (Acanthuridae) > Paletail Unicorn (Naso brevirostris)",3843,Max,Romes,39978,10.12.24_Nursery_algaemix_ganzrichtig.mp4,1,Point,"[[1131.41,658.77]]",[83.413254],3077149,"2025-08-26 10:10:37","{""mimetype"":""video\/mp4"",""size"":7045140732,""width"":1920,""height"":1080}"
3617544,376546,"Paletail Unicorn (Naso brevirostris)","Large Ovals > Surgeonfishes (Acanthuridae) > Paletail Unicorn (Naso brevirostris)",3843,Max,Romes,39978,10.12.24_Nursery_algaemix_ganzrichtig.mp4,1,Point,"[[1162.7,481.1]]",[83.413254],3077150,"2025-08-26 10:10:38","{""mimetype"":""video\/mp4"",""size"":7045140732,""width"":1920,""height"":1080}"
3617545,376546,"Paletail Unicorn (Naso brevirostris)","Large Ovals > Surgeonfishes (Acanthuridae) > Paletail Unicorn (Naso brevirostris)",3843,Max,Romes,39978,10.12.24_Nursery_algaemix_ganzrichtig.mp4,1,Point,"[[1063.14,485.37]]",[83.413254],3077151,"2025-08-26 10:10:38","{""mimetype"":""video\/mp4"",""size"":7045140732,""width"":1920,""height"":1080}"
3617546,376546,"Paletail Unicorn (Naso brevirostris)","Large Ovals > Surgeonfishes (Acanthuridae) > Paletail Unicorn (Naso brevirostris)",3843,Max,Romes,39978,10.12.24_Nursery_algaemix_ganzrichtig.mp4,1,Point,"[[972.11,320.49]]",[83.413254],3077152,"2025-08-26 10:10:39","{""mimetype"":""video\/mp4"",""size"":7045140732,""width"":1920,""height"":1080}"
3617547,376546,"Paletail Unicorn (Naso brevirostris)","Large Ovals > Surgeonfishes (Acanthuridae) > Paletail Unicorn (Naso brevirostris)",3843,Max,Romes,39978,10.12.24_Nursery_algaemix_ganzrichtig.mp4,1,Point,"[[817.08,419.98]]",[83.413254],3077153,"2025-08-26 10:10:39","{""mimetype"":""video\/mp4"",""size"":7045140732,""width"":1920,""height"":1080}"
3617548,376546,"Paletail Unicorn (Naso brevirostris)","Large Ovals > Surgeonfishes (Acanthuridae) > Paletail Unicorn (Naso brevirostris)",3843,Max,Romes,39978,10.12.24_Nursery_algaemix_ganzrichtig.mp4,1,Point,"[[691.91,434.2]]",[83.413254],3077154,"2025-08-26 10:10:40","{""mimetype"":""video\/mp4"",""size"":7045140732,""width"":1920,""height"":1080}"
3617549,376546,"Paletail Unicorn (Naso brevirostris)","Large Ovals > Surgeonfishes (Acanthuridae) > Paletail Unicorn (Naso brevirostris)",3843,Max,Romes,39978,10.12.24_Nursery_algaemix_ganzrichtig.mp4,1,Point,"[[791.48,424.25]]",[83.413254],3077155,"2025-08-26 10:10:41","{""mimetype"":""video\/mp4"",""size"":7045140732,""width"":1920,""height"":1080}"
3617550,376546,"Paletail Unicorn (Naso brevirostris)","Large Ovals > Surgeonfishes (Acanthuridae) > Paletail Unicorn (Naso brevirostris)",3843,Max,Romes,39978,10.12.24_Nursery_algaemix_ganzrichtig.mp4,1,Point,"[[781.52,508.11]]",[83.413254],3077156,"2025-08-26 10:10:42","{""mimetype"":""video\/mp4"",""size"":7045140732,""width"":1920,""height"":1080}"
3617551,376546,"Paletail Unicorn (Naso brevirostris)","Large Ovals > Surgeonfishes (Acanthuridae) > Paletail Unicorn (Naso brevirostris)",3843,Max,Romes,39978,10.12.24_Nursery_algaemix_ganzrichtig.mp4,1,Point,"[[726.05,589.13]]",[83.413254],3077157,"2025-08-26 10:10:42","{""mimetype"":""video\/mp4"",""size"":7045140732,""width"":1920,""height"":1080}"
3617552,376546,"Paletail Unicorn (Naso brevirostris)","Large Ovals > Surgeonfishes (Acanthuridae) > Paletail Unicorn (Naso brevirostris)",3843,Max,Romes,39978,10.12.24_Nursery_algaemix_ganzrichtig.mp4,1,Point,"[[800.01,695.73]]",[83.413254],3077158,"2025-08-26 10:10:43","{""mimetype"":""video\/mp4"",""size"":7045140732,""width"":1920,""height"":1080}"
3617553,427191,"Paletail Unicorn Feeding","Large Ovals > Surgeonfishes (Acanthuridae) > Paletail Unicorn (Naso brevirostris) > Paletail Unicorn Feeding",3843,Max,Romes,39978,10.12.24_Nursery_algaemix_ganzrichtig.mp4,1,Point,"[[1068.83,826.5]]",[88.136349],3077159,"2025-08-26 10:11:01","{""mimetype"":""video\/mp4"",""size"":7045140732,""width"":1920,""height"":1080}"
3617554,427191,"Paletail Unicorn Feeding","Large Ovals > Surgeonfishes (Acanthuridae) > Paletail Unicorn (Naso brevirostris) > Paletail Unicorn Feeding",3843,Max,Romes,39978,10.12.24_Nursery_algaemix_ganzrichtig.mp4,1,Point,"[[1061.72,714.21]]",[88.136349],3077160,"2025-08-26 10:11:01","{""mimetype"":""video\/mp4"",""size"":7045140732,""width"":1920,""height"":1080}"
3617555,427191,"Paletail Unicorn Feeding","Large Ovals > Surgeonfishes (Acanthuridae) > Paletail Unicorn (Naso brevirostris) > Paletail Unicorn Feeding",3843,Max,Romes,39978,10.12.24_Nursery_algaemix_ganzrichtig.mp4,1,Point,"[[1155.59,725.58]]",[88.136349],3077161,"2025-08-26 10:11:01","{""mimetype"":""video\/mp4"",""size"":7045140732,""width"":1920,""height"":1080}"
3617556,427191,"Paletail Unicorn Feeding","Large Ovals > Surgeonfishes (Acanthuridae) > Paletail Unicorn (Naso brevirostris) > Paletail Unicorn Feeding",3843,Max,Romes,39978,10.12.24_Nursery_algaemix_ganzrichtig.mp4,1,Point,"[[1108.93,613.57]]",[88.136349],3077162,"2025-08-26 10:11:02","{""mimetype"":""video\/mp4"",""size"":7045140732,""width"":1920,""height"":1080}"
3617557,427191,"Paletail Unicorn Feeding","Large Ovals > Surgeonfishes (Acanthuridae) > Paletail Unicorn (Naso brevirostris) > Paletail Unicorn Feeding",3843,Max,Romes,39978,10.12.24_Nursery_algaemix_ganzrichtig.mp4,1,Point,"[[1194.27,536.81]]",[88.136349],3077163,"2025-08-26 10:11:02","{""mimetype"":""video\/mp4"",""size"":7045140732,""width"":1920,""height"":1080}"
3617558,427191,"Paletail Unicorn Feeding","Large Ovals > Surgeonfishes (Acanthuridae) > Paletail Unicorn (Naso brevirostris) > Paletail Unicorn Feeding",3843,Max,Romes,39978,10.12.24_Nursery_algaemix_ganzrichtig.mp4,1,Point,"[[1141.64,677.53]]",[88.136349],3077164,"2025-08-26 10:11:03","{""mimetype"":""video\/mp4"",""size"":7045140732,""width"":1920,""height"":1080}"
3617559,427191,"Paletail Unicorn Feeding","Large Ovals > Surgeonfishes (Acanthuridae) > Paletail Unicorn (Naso brevirostris) > Paletail Unicorn Feeding",3843,Max,Romes,39978,10.12.24_Nursery_algaemix_ganzrichtig.mp4,1,Point,"[[1029.28,630.62]]",[88.136349],3077165,"2025-08-26 10:11:03","{""mimetype"":""video\/mp4"",""size"":7045140732,""width"":1920,""height"":1080}"
3617560,427191,"Paletail Unicorn Feeding","Large Ovals > Surgeonfishes (Acanthuridae) > Paletail Unicorn (Naso brevirostris) > Paletail Unicorn Feeding",3843,Max,Romes,39978,10.12.24_Nursery_algaemix_ganzrichtig.mp4,1,Point,"[[868.56,688.9]]",[88.136349],3077166,"2025-08-26 10:11:04","{""mimetype"":""video\/mp4"",""size"":7045140732,""width"":1920,""height"":1080}"
3617561,427191,"Paletail Unicorn Feeding","Large Ovals > Surgeonfishes (Acanthuridae) > Paletail Unicorn (Naso brevirostris) > Paletail Unicorn Feeding",3843,Max,Romes,39978,10.12.24_Nursery_algaemix_ganzrichtig.mp4,1,Point,"[[786.07,529.71]]",[88.136349],3077167,"2025-08-26 10:11:04","{""mimetype"":""video\/mp4"",""size"":7045140732,""width"":1920,""height"":1080}"
3617562,442922,"Blue barred (Scarus ghobban)","Parrotfishes > Parrotfishes (Scaridae) > Blue barred (Scarus ghobban)",3843,Max,Romes,39978,10.12.24_Nursery_algaemix_ganzrichtig.mp4,1,Point,"[[1111.77,610.72]]",[90.885649],3077168,"2025-08-26 10:11:14","{""mimetype"":""video\/mp4"",""size"":7045140732,""width"":1920,""height"":1080}"
3617563,442922,"Blue barred (Scarus ghobban)","Parrotfishes > Parrotfishes (Scaridae) > Blue barred (Scarus ghobban)",3843,Max,Romes,39978,10.12.24_Nursery_algaemix_ganzrichtig.mp4,1,Point,"[[1167.24,526.86]]",[90.885649],3077169,"2025-08-26 10:11:14","{""mimetype"":""video\/mp4"",""size"":7045140732,""width"":1920,""height"":1080}"
3617564,442922,"Blue barred (Scarus ghobban)","Parrotfishes > Parrotfishes (Scaridae) > Blue barred (Scarus ghobban)",3843,Max,Romes,39978,10.12.24_Nursery_algaemix_ganzrichtig.mp4,1,Point,"[[1310.9,508.39]]",[90.885649],3077170,"2025-08-26 10:11:14","{""mimetype"":""video\/mp4"",""size"":7045140732,""width"":1920,""height"":1080}"
3617565,376148,"Moon (Thalassoma lunare)","Wrasses > Wrasses (Labridae) > Moon (Thalassoma lunare)",3843,Max,Romes,39978,10.12.24_Nursery_algaemix_ganzrichtig.mp4,1,Point,"[[666.59,585.14]]",[108.139582],3077171,"2025-08-26 10:11:48","{""mimetype"":""video\/mp4"",""size"":7045140732,""width"":1920,""height"":1080}"
3617566,376148,"Moon (Thalassoma lunare)","Wrasses > Wrasses (Labridae) > Moon (Thalassoma lunare)",3843,Max,Romes,39978,10.12.24_Nursery_algaemix_ganzrichtig.mp4,1,Point,"[[448.98,555.29]]",[108.139582],3077172,"2025-08-26 10:11:54","{""mimetype"":""video\/mp4"",""size"":7045140732,""width"":1920,""height"":1080}"
3617567,426409,"Monk (Acanthurus gahhm)","Large Ovals > Surgeonfishes (Acanthuridae) > Monk (Acanthurus gahhm)",3843,Max,Romes,39978,10.12.24_Nursery_algaemix_ganzrichtig.mp4,1,Point,"[[793.18,614.99]]",[117.742371],3077173,"2025-08-26 10:12:16","{""mimetype"":""video\/mp4"",""size"":7045140732,""width"":1920,""height"":1080}"
3617568,426409,"Monk (Acanthurus gahhm)","Large Ovals > Surgeonfishes (Acanthuridae) > Monk (Acanthurus gahhm)",3843,Max,Romes,39978,10.12.24_Nursery_algaemix_ganzrichtig.mp4,1,Point,"[[541.43,570.93]]",[117.742371],3077174,"2025-08-26 10:12:17","{""mimetype"":""video\/mp4"",""size"":7045140732,""width"":1920,""height"":1080}"
3617569,376885,"Sailfin Tang (Zebrasoma desjardinii)","Large Ovals > Surgeonfishes (Acanthuridae) > Sailfin Tang (Zebrasoma desjardinii)",3843,Max,Romes,39978,10.12.24_Nursery_algaemix_ganzrichtig.mp4,1,Point,"[[675.13,723.01]]",[157.358244],3077175,"2025-08-26 10:20:04","{""mimetype"":""video\/mp4"",""size"":7045140732,""width"":1920,""height"":1080}"
3617570,376885,"Sailfin Tang (Zebrasoma desjardinii)","Large Ovals > Surgeonfishes (Acanthuridae) > Sailfin Tang (Zebrasoma desjardinii)",3843,Max,Romes,39978,10.12.24_Nursery_algaemix_ganzrichtig.mp4,1,Point,"[[881.36,647.68]]",[157.358244],3077176,"2025-08-26 10:20:15","{""mimetype"":""video\/mp4"",""size"":7045140732,""width"":1920,""height"":1080}"
3617571,376546,"Paletail Unicorn (Naso brevirostris)","Large Ovals > Surgeonfishes (Acanthuridae) > Paletail Unicorn (Naso brevirostris)",3843,Max,Romes,39978,10.12.24_Nursery_algaemix_ganzrichtig.mp4,1,Point,"[[783.22,680.37]]",[167.488825],3077177,"2025-08-26 10:20:34","{""mimetype"":""video\/mp4"",""size"":7045140732,""width"":1920,""height"":1080}"
3617572,376546,"Paletail Unicorn (Naso brevirostris)","Large Ovals > Surgeonfishes (Acanthuridae) > Paletail Unicorn (Naso brevirostris)",3843,Max,Romes,39978,10.12.24_Nursery_algaemix_ganzrichtig.mp4,1,Point,"[[710.68,595.09]]",[167.488825],3077178,"2025-08-26 10:20:35","{""mimetype"":""video\/mp4"",""size"":7045140732,""width"":1920,""height"":1080}"
3617573,376546,"Paletail Unicorn (Naso brevirostris)","Large Ovals > Surgeonfishes (Acanthuridae) > Paletail Unicorn (Naso brevirostris)",3843,Max,Romes,39978,10.12.24_Nursery_algaemix_ganzrichtig.mp4,1,Point,"[[778.95,593.67]]",[167.488825],3077179,"2025-08-26 10:20:35","{""mimetype"":""video\/mp4"",""size"":7045140732,""width"":1920,""height"":1080}"
3617574,376546,"Paletail Unicorn (Naso brevirostris)","Large Ovals > Surgeonfishes (Acanthuridae) > Paletail Unicorn (Naso brevirostris)",3843,Max,Romes,39978,10.12.24_Nursery_algaemix_ganzrichtig.mp4,1,Point,"[[733.44,576.61]]",[167.488825],3077180,"2025-08-26 10:20:35","{""mimetype"":""video\/mp4"",""size"":7045140732,""width"":1920,""height"":1080}"
3617575,376546,"Paletail Unicorn (Naso brevirostris)","Large Ovals > Surgeonfishes (Acanthuridae) > Paletail Unicorn (Naso brevirostris)",3843,Max,Romes,39978,10.12.24_Nursery_algaemix_ganzrichtig.mp4,1,Point,"[[756.2,536.81]]",[167.488825],3077181,"2025-08-26 10:20:36","{""mimetype"":""video\/mp4"",""size"":7045140732,""width"":1920,""height"":1080}"
3617576,376546,"Paletail Unicorn (Naso brevirostris)","Large Ovals > Surgeonfishes (Acanthuridae) > Paletail Unicorn (Naso brevirostris)",3843,Max,Romes,39978,10.12.24_Nursery_algaemix_ganzrichtig.mp4,1,Point,"[[754.77,509.81]]",[167.488825],3077182,"2025-08-26 10:20:36","{""mimetype"":""video\/mp4"",""size"":7045140732,""width"":1920,""height"":1080}"
3617577,376546,"Paletail Unicorn (Naso brevirostris)","Large Ovals > Surgeonfishes (Acanthuridae) > Paletail Unicorn (Naso brevirostris)",3843,Max,Romes,39978,10.12.24_Nursery_algaemix_ganzrichtig.mp4,1,Point,"[[828.73,472.85]]",[167.488825],3077183,"2025-08-26 10:20:36","{""mimetype"":""video\/mp4"",""size"":7045140732,""width"":1920,""height"":1080}"
3617578,376546,"Paletail Unicorn (Naso brevirostris)","Large Ovals > Surgeonfishes (Acanthuridae) > Paletail Unicorn (Naso brevirostris)",3843,Max,Romes,39978,10.12.24_Nursery_algaemix_ganzrichtig.mp4,1,Point,"[[538.58,420.26]]",[167.488825],3077184,"2025-08-26 10:20:37","{""mimetype"":""video\/mp4"",""size"":7045140732,""width"":1920,""height"":1080}"
3617579,376546,"Paletail Unicorn (Naso brevirostris)","Large Ovals > Surgeonfishes (Acanthuridae) > Paletail Unicorn (Naso brevirostris)",3843,Max,Romes,39978,10.12.24_Nursery_algaemix_ganzrichtig.mp4,1,Point,"[[586.94,562.4]]",[167.488825],3077185,"2025-08-26 10:20:37","{""mimetype"":""video\/mp4"",""size"":7045140732,""width"":1920,""height"":1080}"
3617580,376546,"Paletail Unicorn (Naso brevirostris)","Large Ovals > Surgeonfishes (Acanthuridae) > Paletail Unicorn (Naso brevirostris)",3843,Max,Romes,39978,10.12.24_Nursery_algaemix_ganzrichtig.mp4,1,Point,"[[713.53,454.37]]",[167.488825],3077186,"2025-08-26 10:20:38","{""mimetype"":""video\/mp4"",""size"":7045140732,""width"":1920,""height"":1080}"
3617581,376546,"Paletail Unicorn (Naso brevirostris)","Large Ovals > Surgeonfishes (Acanthuridae) > Paletail Unicorn (Naso brevirostris)",3843,Max,Romes,39978,10.12.24_Nursery_algaemix_ganzrichtig.mp4,1,Point,"[[87.71,515.49]]",[167.488825],3077187,"2025-08-26 10:20:40","{""mimetype"":""video\/mp4"",""size"":7045140732,""width"":1920,""height"":1080}"
3617582,376546,"Paletail Unicorn (Naso brevirostris)","Large Ovals > Surgeonfishes (Acanthuridae) > Paletail Unicorn (Naso brevirostris)",3843,Max,Romes,39978,10.12.24_Nursery_algaemix_ganzrichtig.mp4,1,Point,"[[978.08,280.97]]",[167.488825],3077188,"2025-08-26 10:20:41","{""mimetype"":""video\/mp4"",""size"":7045140732,""width"":1920,""height"":1080}"
3617583,376546,"Paletail Unicorn (Naso brevirostris)","Large Ovals > Surgeonfishes (Acanthuridae) > Paletail Unicorn (Naso brevirostris)",3843,Max,Romes,39978,10.12.24_Nursery_algaemix_ganzrichtig.mp4,1,Point,"[[1110.35,455.79]]",[167.488825],3077189,"2025-08-26 10:20:42","{""mimetype"":""video\/mp4"",""size"":7045140732,""width"":1920,""height"":1080}"
3617584,376546,"Paletail Unicorn (Naso brevirostris)","Large Ovals > Surgeonfishes (Acanthuridae) > Paletail Unicorn (Naso brevirostris)",3843,Max,Romes,39978,10.12.24_Nursery_algaemix_ganzrichtig.mp4,1,Point,"[[1207.07,307.97]]",[167.488825],3077190,"2025-08-26 10:20:42","{""mimetype"":""video\/mp4"",""size"":7045140732,""width"":1920,""height"":1080}"
3617585,376546,"Paletail Unicorn (Naso brevirostris)","Large Ovals > Surgeonfishes (Acanthuridae) > Paletail Unicorn (Naso brevirostris)",3843,Max,Romes,39978,10.12.24_Nursery_algaemix_ganzrichtig.mp4,1,Point,"[[1089.02,438.74]]",[167.488825],3077191,"2025-08-26 10:20:43","{""mimetype"":""video\/mp4"",""size"":7045140732,""width"":1920,""height"":1080}"
3617586,376546,"Paletail Unicorn (Naso brevirostris)","Large Ovals > Surgeonfishes (Acanthuridae) > Paletail Unicorn (Naso brevirostris)",3843,Max,Romes,39978,10.12.24_Nursery_algaemix_ganzrichtig.mp4,1,Point,"[[1070.53,487.06]]",[167.488825],3077192,"2025-08-26 10:20:43","{""mimetype"":""video\/mp4"",""size"":7045140732,""width"":1920,""height"":1080}"
3617587,376546,"Paletail Unicorn (Naso brevirostris)","Large Ovals > Surgeonfishes (Acanthuridae) > Paletail Unicorn (Naso brevirostris)",3843,Max,Romes,39978,10.12.24_Nursery_algaemix_ganzrichtig.mp4,1,Point,"[[1074.79,543.92]]",[167.488825],3077193,"2025-08-26 10:20:44","{""mimetype"":""video\/mp4"",""size"":7045140732,""width"":1920,""height"":1080}"
3617588,376546,"Paletail Unicorn (Naso brevirostris)","Large Ovals > Surgeonfishes (Acanthuridae) > Paletail Unicorn (Naso brevirostris)",3843,Max,Romes,39978,10.12.24_Nursery_algaemix_ganzrichtig.mp4,1,Point,"[[1262.54,617.83]]",[167.488825],3077194,"2025-08-26 10:20:44","{""mimetype"":""video\/mp4"",""size"":7045140732,""width"":1920,""height"":1080}"
3617589,376546,"Paletail Unicorn (Naso brevirostris)","Large Ovals > Surgeonfishes (Acanthuridae) > Paletail Unicorn (Naso brevirostris)",3843,Max,Romes,39978,10.12.24_Nursery_algaemix_ganzrichtig.mp4,1,Point,"[[908.38,370.51]]",[167.488825],3077195,"2025-08-26 10:20:47","{""mimetype"":""video\/mp4"",""size"":7045140732,""width"":1920,""height"":1080}"
3617590,376546,"Paletail Unicorn (Naso brevirostris)","Large Ovals > Surgeonfishes (Acanthuridae) > Paletail Unicorn (Naso brevirostris)",3843,Max,Romes,39978,10.12.24_Nursery_algaemix_ganzrichtig.mp4,1,Point,"[[1036.39,555.29]]",[167.488825],3077196,"2025-08-26 10:20:48","{""mimetype"":""video\/mp4"",""size"":7045140732,""width"":1920,""height"":1080}"
3617591,376546,"Paletail Unicorn (Naso brevirostris)","Large Ovals > Surgeonfishes (Acanthuridae) > Paletail Unicorn (Naso brevirostris)",3843,Max,Romes,39978,10.12.24_Nursery_algaemix_ganzrichtig.mp4,1,Point,"[[1330.81,542.5]]",[167.488825],3077197,"2025-08-26 10:20:50","{""mimetype"":""video\/mp4"",""size"":7045140732,""width"":1920,""height"":1080}"
3617592,377436,"Brown Tang (Zebrasoma scopas)","Large Ovals > Surgeonfishes (Acanthuridae) > Brown Tang (Zebrasoma scopas)",3843,Max,Romes,39978,10.12.24_Nursery_algaemix_ganzrichtig.mp4,1,Point,"[[524.36,612.15]]",[171.76611],3077198,"2025-08-26 10:21:02","{""mimetype"":""video\/mp4"",""size"":7045140732,""width"":1920,""height"":1080}"
3617593,386810,"Black-backed (Chaetodon melannotus)","Disk-shaped/Colourful > Butterflyfishes (Chaetodontidae) > Black-backed (Chaetodon melannotus)",3843,Max,Romes,39978,10.12.24_Nursery_algaemix_ganzrichtig.mp4,1,Point,"[[629.61,767.08]]",[197.253106],3077199,"2025-08-26 10:21:32","{""mimetype"":""video\/mp4"",""size"":7045140732,""width"":1920,""height"":1080}"
3617594,383131,"Scissortail Sergeant (Abudefduf sexfasciatus)","Small Ovals - Damselfishes > Damselfishes (Pomacentridae) > Scissortail Sergeant (Abudefduf sexfasciatus)",3843,Max,Romes,39978,10.12.24_Nursery_algaemix_ganzrichtig.mp4,1,Point,"[[1518.56,462.9]]",[215.470221],3077200,"2025-08-26 10:21:54","{""mimetype"":""video\/mp4"",""size"":7045140732,""width"":1920,""height"":1080}"
3617595,376551,"Threadfin (Chaetodon auriga)","Disk-shaped/Colourful > Butterflyfishes (Chaetodontidae) > Threadfin (Chaetodon auriga)",3843,Max,Romes,39978,10.12.24_Nursery_algaemix_ganzrichtig.mp4,1,Point,"[[1500.07,416]]",[217.938374],3077201,"2025-08-26 10:22:02","{""mimetype"":""video\/mp4"",""size"":7045140732,""width"":1920,""height"":1080}"
3617599,427191,"Paletail Unicorn Feeding","Large Ovals > Surgeonfishes (Acanthuridae) > Paletail Unicorn (Naso brevirostris) > Paletail Unicorn Feeding",3843,Max,Romes,39978,10.12.24_Nursery_algaemix_ganzrichtig.mp4,1,Point,"[[845.8,603.62]]",[236.000215],3077205,"2025-08-26 10:22:43","{""mimetype"":""video\/mp4"",""size"":7045140732,""width"":1920,""height"":1080}"
3617600,427191,"Paletail Unicorn Feeding","Large Ovals > Surgeonfishes (Acanthuridae) > Paletail Unicorn (Naso brevirostris) > Paletail Unicorn Feeding",3843,Max,Romes,39978,10.12.24_Nursery_algaemix_ganzrichtig.mp4,1,Point,"[[736.28,558.13]]",[236.000215],3077206,"2025-08-26 10:22:43","{""mimetype"":""video\/mp4"",""size"":7045140732,""width"":1920,""height"":1080}"
3617601,427191,"Paletail Unicorn Feeding","Large Ovals > Surgeonfishes (Acanthuridae) > Paletail Unicorn (Naso brevirostris) > Paletail Unicorn Feeding",3843,Max,Romes,39978,10.12.24_Nursery_algaemix_ganzrichtig.mp4,1,Point,"[[831.58,519.76]]",[236.000215],3077207,"2025-08-26 10:22:43","{""mimetype"":""video\/mp4"",""size"":7045140732,""width"":1920,""height"":1080}"
3617602,427191,"Paletail Unicorn Feeding","Large Ovals > Surgeonfishes (Acanthuridae) > Paletail Unicorn (Naso brevirostris) > Paletail Unicorn Feeding",3843,Max,Romes,39978,10.12.24_Nursery_algaemix_ganzrichtig.mp4,1,Point,"[[825.89,444.42]]",[236.000215],3077208,"2025-08-26 10:22:44","{""mimetype"":""video\/mp4"",""size"":7045140732,""width"":1920,""height"":1080}"
3617603,427191,"Paletail Unicorn Feeding","Large Ovals > Surgeonfishes (Acanthuridae) > Paletail Unicorn (Naso brevirostris) > Paletail Unicorn Feeding",3843,Max,Romes,39978,10.12.24_Nursery_algaemix_ganzrichtig.mp4,1,Point,"[[833,386.15]]",[236.000215],3077209,"2025-08-26 10:22:44","{""mimetype"":""video\/mp4"",""size"":7045140732,""width"":1920,""height"":1080}"
3617604,427191,"Paletail Unicorn Feeding","Large Ovals > Surgeonfishes (Acanthuridae) > Paletail Unicorn (Naso brevirostris) > Paletail Unicorn Feeding",3843,Max,Romes,39978,10.12.24_Nursery_algaemix_ganzrichtig.mp4,1,Point,"[[978.08,303.71]]",[236.000215],3077210,"2025-08-26 10:22:44","{""mimetype"":""video\/mp4"",""size"":7045140732,""width"":1920,""height"":1080}"
3617605,427191,"Paletail Unicorn Feeding","Large Ovals > Surgeonfishes (Acanthuridae) > Paletail Unicorn (Naso brevirostris) > Paletail Unicorn Feeding",3843,Max,Romes,39978,10.12.24_Nursery_algaemix_ganzrichtig.mp4,1,Point,"[[1086.17,343.51]]",[236.000215],3077211,"2025-08-26 10:22:45","{""mimetype"":""video\/mp4"",""size"":7045140732,""width"":1920,""height"":1080}"
3617606,427191,"Paletail Unicorn Feeding","Large Ovals > Surgeonfishes (Acanthuridae) > Paletail Unicorn (Naso brevirostris) > Paletail Unicorn Feeding",3843,Max,Romes,39978,10.12.24_Nursery_algaemix_ganzrichtig.mp4,1,Point,"[[1174.36,396.1]]",[236.000215],3077212,"2025-08-26 10:22:45","{""mimetype"":""video\/mp4"",""size"":7045140732,""width"":1920,""height"":1080}"
3617607,427191,"Paletail Unicorn Feeding","Large Ovals > Surgeonfishes (Acanthuridae) > Paletail Unicorn (Naso brevirostris) > Paletail Unicorn Feeding",3843,Max,Romes,39978,10.12.24_Nursery_algaemix_ganzrichtig.mp4,1,Point,"[[1141.84,578.23]]",[236.000215],3077213,"2025-08-26 10:22:45","{""mimetype"":""video\/mp4"",""size"":7045140732,""width"":1920,""height"":1080}"
3617608,427191,"Paletail Unicorn Feeding","Large Ovals > Surgeonfishes (Acanthuridae) > Paletail Unicorn (Naso brevirostris) > Paletail Unicorn Feeding",3843,Max,Romes,39978,10.12.24_Nursery_algaemix_ganzrichtig.mp4,1,Point,"[[1076.42,544.12]]",[236.000215],3077214,"2025-08-26 10:22:46","{""mimetype"":""video\/mp4"",""size"":7045140732,""width"":1920,""height"":1080}"
3617609,427191,"Paletail Unicorn Feeding","Large Ovals > Surgeonfishes (Acanthuridae) > Paletail Unicorn (Naso brevirostris) > Paletail Unicorn Feeding",3843,Max,Romes,39978,10.12.24_Nursery_algaemix_ganzrichtig.mp4,1,Point,"[[894.36,302.49]]",[236.000215],3077215,"2025-08-26 10:22:47","{""mimetype"":""video\/mp4"",""size"":7045140732,""width"":1920,""height"":1080}"
3617610,427191,"Paletail Unicorn Feeding","Large Ovals > Surgeonfishes (Acanthuridae) > Paletail Unicorn (Naso brevirostris) > Paletail Unicorn Feeding",3843,Max,Romes,39978,10.12.24_Nursery_algaemix_ganzrichtig.mp4,1,Point,"[[820.4,313.86]]",[236.000215],3077216,"2025-08-26 10:22:47","{""mimetype"":""video\/mp4"",""size"":7045140732,""width"":1920,""height"":1080}"
3617611,427191,"Paletail Unicorn Feeding","Large Ovals > Surgeonfishes (Acanthuridae) > Paletail Unicorn (Naso brevirostris) > Paletail Unicorn Feeding",3843,Max,Romes,39978,10.12.24_Nursery_algaemix_ganzrichtig.mp4,1,Point,"[[729.37,419.04]]",[236.000215],3077217,"2025-08-26 10:22:47","{""mimetype"":""video\/mp4"",""size"":7045140732,""width"":1920,""height"":1080}"
3617612,386810,"Black-backed (Chaetodon melannotus)","Disk-shaped/Colourful > Butterflyfishes (Chaetodontidae) > Black-backed (Chaetodon melannotus)",3843,Max,Romes,39978,10.12.24_Nursery_algaemix_ganzrichtig.mp4,1,Point,"[[1110.55,744.53]]",[252.857381],3077218,"2025-08-26 10:23:06","{""mimetype"":""video\/mp4"",""size"":7045140732,""width"":1920,""height"":1080}"
3617613,386810,"Black-backed (Chaetodon melannotus)","Disk-shaped/Colourful > Butterflyfishes (Chaetodontidae) > Black-backed (Chaetodon melannotus)",3843,Max,Romes,39978,10.12.24_Nursery_algaemix_ganzrichtig.mp4,1,Point,"[[1217.22,767.27]]",[252.857381],3077219,"2025-08-26 10:23:06","{""mimetype"":""video\/mp4"",""size"":7045140732,""width"":1920,""height"":1080}"
3617614,443007,"Arabian Monocle (Scolopsis ghanam)","Sloping Heads > Coral Breams (Nemipteridae) > Arabian Monocle (Scolopsis ghanam)",3843,Max,Romes,39978,10.12.24_Nursery_algaemix_ganzrichtig.mp4,1,Point,"[[1902.78,555.49]]",[288.776395],3077220,"2025-08-26 10:23:46","{""mimetype"":""video\/mp4"",""size"":7045140732,""width"":1920,""height"":1080}"
3617615,386899,"Genus Siganus","Large Ovals > Rabbitfishes (Siganidae) > Genus Siganus",3843,Max,Romes,39978,10.12.24_Nursery_algaemix_ganzrichtig.mp4,1,Point,"[[878.71,744.53]]",[302.283188],3077221,"2025-08-26 10:24:07","{""mimetype"":""video\/mp4"",""size"":7045140732,""width"":1920,""height"":1080}"
3617616,376882,"Parrotfishes (Scaridae)","Parrotfishes > Parrotfishes (Scaridae)",3843,Max,Romes,39978,10.12.24_Nursery_algaemix_ganzrichtig.mp4,1,Point,"[[1757.7,741.69]]",[304.015847],3077222,"2025-08-26 10:24:20","{""mimetype"":""video\/mp4"",""size"":7045140732,""width"":1920,""height"":1080}"
3617617,376882,"Parrotfishes (Scaridae)","Parrotfishes > Parrotfishes (Scaridae)",3843,Max,Romes,39978,10.12.24_Nursery_algaemix_ganzrichtig.mp4,1,Point,"[[1520.18,772.96]]",[304.015847],3077223,"2025-08-26 10:24:20","{""mimetype"":""video\/mp4"",""size"":7045140732,""width"":1920,""height"":1080}"
3617618,376882,"Parrotfishes (Scaridae)","Parrotfishes > Parrotfishes (Scaridae)",3843,Max,Romes,39978,10.12.24_Nursery_algaemix_ganzrichtig.mp4,1,Point,"[[1636.81,785.75]]",[304.015847],3077224,"2025-08-26 10:24:21","{""mimetype"":""video\/mp4"",""size"":7045140732,""width"":1920,""height"":1080}"
3617619,376882,"Parrotfishes (Scaridae)","Parrotfishes > Parrotfishes (Scaridae)",3843,Max,Romes,39978,10.12.24_Nursery_algaemix_ganzrichtig.mp4,1,Point,"[[1431.99,731.74]]",[304.015847],3077225,"2025-08-26 10:24:21","{""mimetype"":""video\/mp4"",""size"":7045140732,""width"":1920,""height"":1080}"
3617620,376882,"Parrotfishes (Scaridae)","Parrotfishes > Parrotfishes (Scaridae)",3843,Max,Romes,39978,10.12.24_Nursery_algaemix_ganzrichtig.mp4,1,Point,"[[1274.12,701.89]]",[304.015847],3077226,"2025-08-26 10:24:22","{""mimetype"":""video\/mp4"",""size"":7045140732,""width"":1920,""height"":1080}"
3617621,376882,"Parrotfishes (Scaridae)","Parrotfishes > Parrotfishes (Scaridae)",3843,Max,Romes,39978,10.12.24_Nursery_algaemix_ganzrichtig.mp4,1,Point,"[[1649.61,645.04]]",[304.015847],3077227,"2025-08-26 10:24:22","{""mimetype"":""video\/mp4"",""size"":7045140732,""width"":1920,""height"":1080}"
3617622,376882,"Parrotfishes (Scaridae)","Parrotfishes > Parrotfishes (Scaridae)",3843,Max,Romes,39978,10.12.24_Nursery_algaemix_ganzrichtig.mp4,1,Point,"[[1477.51,625.14]]",[304.015847],3077228,"2025-08-26 10:24:23","{""mimetype"":""video\/mp4"",""size"":7045140732,""width"":1920,""height"":1080}"
3617623,376882,"Parrotfishes (Scaridae)","Parrotfishes > Parrotfishes (Scaridae)",3843,Max,Romes,39978,10.12.24_Nursery_algaemix_ganzrichtig.mp4,1,Point,"[[1585.6,585.34]]",[304.015847],3077229,"2025-08-26 10:24:25","{""mimetype"":""video\/mp4"",""size"":7045140732,""width"":1920,""height"":1080}"
3617624,377437,"Longbarbel (Parupeneus macronemus)","Odd-shaped Swimmers > Goatfishes (Mullidae) > Longbarbel (Parupeneus macronemus)",3843,Max,Romes,39978,10.12.24_Nursery_algaemix_ganzrichtig.mp4,1,Point,"[[1724.99,794.28]]",[309.897915],3077230,"2025-08-26 10:24:40","{""mimetype"":""video\/mp4"",""size"":7045140732,""width"":1920,""height"":1080}"
3617625,377437,"Longbarbel (Parupeneus macronemus)","Odd-shaped Swimmers > Goatfishes (Mullidae) > Longbarbel (Parupeneus macronemus)",3843,Max,Romes,39978,10.12.24_Nursery_algaemix_ganzrichtig.mp4,1,Point,"[[1501.69,527.06]]",[309.897915],3077231,"2025-08-26 10:24:41","{""mimetype"":""video\/mp4"",""size"":7045140732,""width"":1920,""height"":1080}"
3617626,443007,"Arabian Monocle (Scolopsis ghanam)","Sloping Heads > Coral Breams (Nemipteridae) > Arabian Monocle (Scolopsis ghanam)",3843,Max,Romes,39978,10.12.24_Nursery_algaemix_ganzrichtig.mp4,1,Point,"[[1823.13,525.64]]",[335.230975],3077232,"2025-08-26 10:25:05","{""mimetype"":""video\/mp4"",""size"":7045140732,""width"":1920,""height"":1080}"
3617627,443007,"Arabian Monocle (Scolopsis ghanam)","Sloping Heads > Coral Breams (Nemipteridae) > Arabian Monocle (Scolopsis ghanam)",3843,Max,Romes,39978,10.12.24_Nursery_algaemix_ganzrichtig.mp4,1,Point,"[[1655.3,558.33]]",[335.230975],3077233,"2025-08-26 10:25:06","{""mimetype"":""video\/mp4"",""size"":7045140732,""width"":1920,""height"":1080}"
3617628,443007,"Arabian Monocle (Scolopsis ghanam)","Sloping Heads > Coral Breams (Nemipteridae) > Arabian Monocle (Scolopsis ghanam)",3843,Max,Romes,39978,10.12.24_Nursery_algaemix_ganzrichtig.mp4,1,Point,"[[1444.79,585.34]]",[335.230975],3077234,"2025-08-26 10:25:06","{""mimetype"":""video\/mp4"",""size"":7045140732,""width"":1920,""height"":1080}"
3617629,443007,"Arabian Monocle (Scolopsis ghanam)","Sloping Heads > Coral Breams (Nemipteridae) > Arabian Monocle (Scolopsis ghanam)",3843,Max,Romes,39978,10.12.24_Nursery_algaemix_ganzrichtig.mp4,1,Point,"[[1057.93,630.82]]",[335.230975],3077235,"2025-08-26 10:25:07","{""mimetype"":""video\/mp4"",""size"":7045140732,""width"":1920,""height"":1080}"
3617630,443007,"Arabian Monocle (Scolopsis ghanam)","Sloping Heads > Coral Breams (Nemipteridae) > Arabian Monocle (Scolopsis ghanam)",3843,Max,Romes,39978,10.12.24_Nursery_algaemix_ganzrichtig.mp4,1,Point,"[[605.63,572.55]]",[335.230975],3077236,"2025-08-26 10:25:07","{""mimetype"":""video\/mp4"",""size"":7045140732,""width"":1920,""height"":1080}"
3617631,443007,"Arabian Monocle (Scolopsis ghanam)","Sloping Heads > Coral Breams (Nemipteridae) > Arabian Monocle (Scolopsis ghanam)",3843,Max,Romes,39978,10.12.24_Nursery_algaemix_ganzrichtig.mp4,1,Point,"[[319.75,477.31]]",[335.230975],3077237,"2025-08-26 10:25:08","{""mimetype"":""video\/mp4"",""size"":7045140732,""width"":1920,""height"":1080}"
3617632,443007,"Arabian Monocle (Scolopsis ghanam)","Sloping Heads > Coral Breams (Nemipteridae) > Arabian Monocle (Scolopsis ghanam)",3843,Max,Romes,39978,10.12.24_Nursery_algaemix_ganzrichtig.mp4,1,Point,"[[265.7,507.16]]",[335.230975],3077238,"2025-08-26 10:25:08","{""mimetype"":""video\/mp4"",""size"":7045140732,""width"":1920,""height"":1080}"
3617633,443007,"Arabian Monocle (Scolopsis ghanam)","Sloping Heads > Coral Breams (Nemipteridae) > Arabian Monocle (Scolopsis ghanam)",3843,Max,Romes,39978,10.12.24_Nursery_algaemix_ganzrichtig.mp4,1,Point,"[[477.62,473.05]]",[335.230975],3077239,"2025-08-26 10:25:09","{""mimetype"":""video\/mp4"",""size"":7045140732,""width"":1920,""height"":1080}"
3617634,443007,"Arabian Monocle (Scolopsis ghanam)","Sloping Heads > Coral Breams (Nemipteridae) > Arabian Monocle (Scolopsis ghanam)",3843,Max,Romes,39978,10.12.24_Nursery_algaemix_ganzrichtig.mp4,1,Point,"[[1908.47,704.73]]",[335.230975],3077240,"2025-08-26 10:25:10","{""mimetype"":""video\/mp4"",""size"":7045140732,""width"":1920,""height"":1080}"
3617635,443007,"Arabian Monocle (Scolopsis ghanam)","Sloping Heads > Coral Breams (Nemipteridae) > Arabian Monocle (Scolopsis ghanam)",3843,Max,Romes,39978,10.12.24_Nursery_algaemix_ganzrichtig.mp4,1,Point,"[[1912.74,592.45]]",[335.230975],3077241,"2025-08-26 10:25:18","{""mimetype"":""video\/mp4"",""size"":7045140732,""width"":1920,""height"":1080}"
3617636,443007,"Arabian Monocle (Scolopsis ghanam)","Sloping Heads > Coral Breams (Nemipteridae) > Arabian Monocle (Scolopsis ghanam)",3843,Max,Romes,39978,10.12.24_Nursery_algaemix_ganzrichtig.mp4,1,Point,"[[1888.56,683.41]]",[335.230975],3077242,"2025-08-26 10:25:22","{""mimetype"":""video\/mp4"",""size"":7045140732,""width"":1920,""height"":1080}"
3617637,443007,"Arabian Monocle (Scolopsis ghanam)","Sloping Heads > Coral Breams (Nemipteridae) > Arabian Monocle (Scolopsis ghanam)",3843,Max,Romes,39978,10.12.24_Nursery_algaemix_ganzrichtig.mp4,1,Point,"[[865.91,596.71]]",[335.230975],3077243,"2025-08-26 10:25:23","{""mimetype"":""video\/mp4"",""size"":7045140732,""width"":1920,""height"":1080}"
3617638,377493,"Yellow-margin (Gymnothorax flavimarginatus)","Eels > Morays (Muraenidae) > Yellow-margin (Gymnothorax flavimarginatus)",3843,Max,Romes,39978,10.12.24_Nursery_algaemix_ganzrichtig.mp4,1,Point,"[[90.75,238.52]]",[420.552438],3077244,"2025-08-26 10:26:43","{""mimetype"":""video\/mp4"",""size"":7045140732,""width"":1920,""height"":1080}"
3617639,377493,"Yellow-margin (Gymnothorax flavimarginatus)","Eels > Morays (Muraenidae) > Yellow-margin (Gymnothorax flavimarginatus)",3843,Max,Romes,39978,10.12.24_Nursery_algaemix_ganzrichtig.mp4,1,Point,"[[305.52,330.91]]",[438.936658],3077245,"2025-08-26 10:26:58","{""mimetype"":""video\/mp4"",""size"":7045140732,""width"":1920,""height"":1080}"
3617640,377493,"Yellow-margin (Gymnothorax flavimarginatus)","Eels > Morays (Muraenidae) > Yellow-margin (Gymnothorax flavimarginatus)",3843,Max,Romes,39978,10.12.24_Nursery_algaemix_ganzrichtig.mp4,1,Point,"[[827.51,313.86]]",[438.936658],3077246,"2025-08-26 10:26:59","{""mimetype"":""video\/mp4"",""size"":7045140732,""width"":1920,""height"":1080}"
3617641,375537,"Jacks/Trevallyes (Carangidae)","Silvery > Jacks/Trevallyes (Carangidae)",3843,Max,Romes,39978,10.12.24_Nursery_algaemix_ganzrichtig.mp4,1,Point,"[[1572.8,340.86]]",[443.256355],3077247,"2025-08-26 10:27:11","{""mimetype"":""video\/mp4"",""size"":7045140732,""width"":1920,""height"":1080}"
3617642,442948,"Humpback (Lutjanus gibbus)","Sloping Heads > Snappers (Lutjanidae) > Humpback (Lutjanus gibbus)",3843,Max,Romes,39978,10.12.24_Nursery_algaemix_ganzrichtig.mp4,1,Point,"[[794.8,893.78]]",[466.935065],3077248,"2025-08-26 10:27:56","{""mimetype"":""video\/mp4"",""size"":7045140732,""width"":1920,""height"":1080}"
3617643,442948,"Humpback (Lutjanus gibbus)","Sloping Heads > Snappers (Lutjanidae) > Humpback (Lutjanus gibbus)",3843,Max,Romes,39978,10.12.24_Nursery_algaemix_ganzrichtig.mp4,1,Point,"[[793.38,822.71]]",[466.935065],3077249,"2025-08-26 10:27:56","{""mimetype"":""video\/mp4"",""size"":7045140732,""width"":1920,""height"":1080}"
3617644,442948,"Humpback (Lutjanus gibbus)","Sloping Heads > Snappers (Lutjanidae) > Humpback (Lutjanus gibbus)",3843,Max,Romes,39978,10.12.24_Nursery_algaemix_ganzrichtig.mp4,1,Point,"[[875.87,808.49]]",[466.935065],3077250,"2025-08-26 10:27:56","{""mimetype"":""video\/mp4"",""size"":7045140732,""width"":1920,""height"":1080}"
3617645,442948,"Humpback (Lutjanus gibbus)","Sloping Heads > Snappers (Lutjanidae) > Humpback (Lutjanus gibbus)",3843,Max,Romes,39978,10.12.24_Nursery_algaemix_ganzrichtig.mp4,1,Point,"[[939.87,777.22]]",[466.935065],3077251,"2025-08-26 10:27:57","{""mimetype"":""video\/mp4"",""size"":7045140732,""width"":1920,""height"":1080}"
3617646,442948,"Humpback (Lutjanus gibbus)","Sloping Heads > Snappers (Lutjanidae) > Humpback (Lutjanus gibbus)",3843,Max,Romes,39978,10.12.24_Nursery_algaemix_ganzrichtig.mp4,1,Point,"[[841.73,802.81]]",[466.935065],3077252,"2025-08-26 10:27:57","{""mimetype"":""video\/mp4"",""size"":7045140732,""width"":1920,""height"":1080}"
3617647,442948,"Humpback (Lutjanus gibbus)","Sloping Heads > Snappers (Lutjanidae) > Humpback (Lutjanus gibbus)",3843,Max,Romes,39978,10.12.24_Nursery_algaemix_ganzrichtig.mp4,1,Point,"[[861.65,674.89]]",[466.935065],3077253,"2025-08-26 10:27:57","{""mimetype"":""video\/mp4"",""size"":7045140732,""width"":1920,""height"":1080}"
3617648,442948,"Humpback (Lutjanus gibbus)","Sloping Heads > Snappers (Lutjanidae) > Humpback (Lutjanus gibbus)",3843,Max,Romes,39978,10.12.24_Nursery_algaemix_ganzrichtig.mp4,1,Point,"[[895.78,328.07]]",[466.935065],3077254,"2025-08-26 10:28:00","{""mimetype"":""video\/mp4"",""size"":7045140732,""width"":1920,""height"":1080}"
3617649,442948,"Humpback (Lutjanus gibbus)","Sloping Heads > Snappers (Lutjanidae) > Humpback (Lutjanus gibbus)",3843,Max,Romes,39978,10.12.24_Nursery_algaemix_ganzrichtig.mp4,1,Point,"[[1715.03,504.32]]",[466.935065],3077255,"2025-08-26 10:28:01","{""mimetype"":""video\/mp4"",""size"":7045140732,""width"":1920,""height"":1080}"
3617650,442948,"Humpback (Lutjanus gibbus)","Sloping Heads > Snappers (Lutjanidae) > Humpback (Lutjanus gibbus)",3843,Max,Romes,39978,10.12.24_Nursery_algaemix_ganzrichtig.mp4,1,Point,"[[1656.72,484.42]]",[466.935065],3077256,"2025-08-26 10:28:02","{""mimetype"":""video\/mp4"",""size"":7045140732,""width"":1920,""height"":1080}"
3617651,442948,"Humpback (Lutjanus gibbus)","Sloping Heads > Snappers (Lutjanidae) > Humpback (Lutjanus gibbus)",3843,Max,Romes,39978,10.12.24_Nursery_algaemix_ganzrichtig.mp4,1,Point,"[[1858.69,578.23]]",[466.935065],3077257,"2025-08-26 10:28:02","{""mimetype"":""video\/mp4"",""size"":7045140732,""width"":1920,""height"":1080}"
3617652,442948,"Humpback (Lutjanus gibbus)","Sloping Heads > Snappers (Lutjanidae) > Humpback (Lutjanus gibbus)",3843,Max,Romes,39978,10.12.24_Nursery_algaemix_ganzrichtig.mp4,1,Point,"[[1642.5,417.62]]",[466.935065],3077258,"2025-08-26 10:28:03","{""mimetype"":""video\/mp4"",""size"":7045140732,""width"":1920,""height"":1080}"
3617653,442948,"Humpback (Lutjanus gibbus)","Sloping Heads > Snappers (Lutjanidae) > Humpback (Lutjanus gibbus)",3843,Max,Romes,39978,10.12.24_Nursery_algaemix_ganzrichtig.mp4,1,Point,"[[1739.21,423.3]]",[466.935065],3077259,"2025-08-26 10:28:03","{""mimetype"":""video\/mp4"",""size"":7045140732,""width"":1920,""height"":1080}"
3617654,442948,"Humpback (Lutjanus gibbus)","Sloping Heads > Snappers (Lutjanidae) > Humpback (Lutjanus gibbus)",3843,Max,Romes,39978,10.12.24_Nursery_algaemix_ganzrichtig.mp4,1,Point,"[[1639.65,393.45]]",[466.935065],3077260,"2025-08-26 10:28:04","{""mimetype"":""video\/mp4"",""size"":7045140732,""width"":1920,""height"":1080}"
3617655,442948,"Humpback (Lutjanus gibbus)","Sloping Heads > Snappers (Lutjanidae) > Humpback (Lutjanus gibbus)",3843,Max,Romes,39978,10.12.24_Nursery_algaemix_ganzrichtig.mp4,1,Point,"[[1632.54,363.6]]",[466.935065],3077261,"2025-08-26 10:28:04","{""mimetype"":""video\/mp4"",""size"":7045140732,""width"":1920,""height"":1080}"
3617656,442948,"Humpback (Lutjanus gibbus)","Sloping Heads > Snappers (Lutjanidae) > Humpback (Lutjanus gibbus)",3843,Max,Romes,39978,10.12.24_Nursery_algaemix_ganzrichtig.mp4,1,Point,"[[1560.58,365.03]]",[466.935065],3077262,"2025-08-26 10:28:05","{""mimetype"":""video\/mp4"",""size"":7045140732,""width"":1920,""height"":1080}"
3617657,442948,"Humpback (Lutjanus gibbus)","Sloping Heads > Snappers (Lutjanidae) > Humpback (Lutjanus gibbus)",3843,Max,Romes,39978,10.12.24_Nursery_algaemix_ganzrichtig.mp4,1,Point,"[[1594.72,397.72]]",[466.935065],3077263,"2025-08-26 10:28:05","{""mimetype"":""video\/mp4"",""size"":7045140732,""width"":1920,""height"":1080}"
3617658,442948,"Humpback (Lutjanus gibbus)","Sloping Heads > Snappers (Lutjanidae) > Humpback (Lutjanus gibbus)",3843,Max,Romes,39978,10.12.24_Nursery_algaemix_ganzrichtig.mp4,1,Point,"[[1596.14,359.34]]",[466.935065],3077264,"2025-08-26 10:28:06","{""mimetype"":""video\/mp4"",""size"":7045140732,""width"":1920,""height"":1080}"
3617659,442948,"Humpback (Lutjanus gibbus)","Sloping Heads > Snappers (Lutjanidae) > Humpback (Lutjanus gibbus)",3843,Max,Romes,39978,10.12.24_Nursery_algaemix_ganzrichtig.mp4,1,Point,"[[1516.49,403.4]]",[466.935065],3077265,"2025-08-26 10:28:06","{""mimetype"":""video\/mp4"",""size"":7045140732,""width"":1920,""height"":1080}"
3617660,442948,"Humpback (Lutjanus gibbus)","Sloping Heads > Snappers (Lutjanidae) > Humpback (Lutjanus gibbus)",3843,Max,Romes,39978,10.12.24_Nursery_algaemix_ganzrichtig.mp4,1,Point,"[[1539.25,413.35]]",[466.935065],3077266,"2025-08-26 10:28:06","{""mimetype"":""video\/mp4"",""size"":7045140732,""width"":1920,""height"":1080}"
3617661,442948,"Humpback (Lutjanus gibbus)","Sloping Heads > Snappers (Lutjanidae) > Humpback (Lutjanus gibbus)",3843,Max,Romes,39978,10.12.24_Nursery_algaemix_ganzrichtig.mp4,1,Point,"[[1581.92,441.78]]",[466.935065],3077267,"2025-08-26 10:28:07","{""mimetype"":""video\/mp4"",""size"":7045140732,""width"":1920,""height"":1080}"
3617662,376553,"Moorish Idol (Zanclus cornutus)","Large Ovals > Moorish Idol (Zanclidae) > Moorish Idol (Zanclus cornutus)",3843,Max,Romes,39978,10.12.24_Nursery_algaemix_ganzrichtig.mp4,1,Point,"[[728.53,618.03]]",[473.091818],3077268,"2025-08-26 10:28:19","{""mimetype"":""video\/mp4"",""size"":7045140732,""width"":1920,""height"":1080}"
3617663,376553,"Moorish Idol (Zanclus cornutus)","Large Ovals > Moorish Idol (Zanclidae) > Moorish Idol (Zanclus cornutus)",3843,Max,Romes,39978,10.12.24_Nursery_algaemix_ganzrichtig.mp4,1,Point,"[[1374.26,707.58]]",[477.867138],3077269,"2025-08-26 10:28:27","{""mimetype"":""video\/mp4"",""size"":7045140732,""width"":1920,""height"":1080}"
3617664,376553,"Moorish Idol (Zanclus cornutus)","Large Ovals > Moorish Idol (Zanclidae) > Moorish Idol (Zanclus cornutus)",3843,Max,Romes,39978,10.12.24_Nursery_algaemix_ganzrichtig.mp4,1,Point,"[[609.06,581.07]]",[477.867138],3077270,"2025-08-26 10:28:28","{""mimetype"":""video\/mp4"",""size"":7045140732,""width"":1920,""height"":1080}"
3617665,375541,"Fusiliers (Caesionidae)","Slender Schoolers/Colourful > Fusiliers (Caesionidae)",3843,Max,Romes,39978,10.12.24_Nursery_algaemix_ganzrichtig.mp4,1,Point,"[[1200.74,596.71]]",[567.046553],3077271,"2025-08-26 10:29:50","{""mimetype"":""video\/mp4"",""size"":7045140732,""width"":1920,""height"":1080}"
3617666,376553,"Moorish Idol (Zanclus cornutus)","Large Ovals > Moorish Idol (Zanclidae) > Moorish Idol (Zanclus cornutus)",3843,Max,Romes,39978,10.12.24_Nursery_algaemix_ganzrichtig.mp4,1,Point,"[[1909.05,393.45]]",[667.880476],3077272,"2025-08-26 10:31:19","{""mimetype"":""video\/mp4"",""size"":7045140732,""width"":1920,""height"":1080}"
3617667,376553,"Moorish Idol (Zanclus cornutus)","Large Ovals > Moorish Idol (Zanclidae) > Moorish Idol (Zanclus cornutus)",3843,Max,Romes,39978,10.12.24_Nursery_algaemix_ganzrichtig.mp4,1,Point,"[[1906.21,461.68]]",[667.880476],3077273,"2025-08-26 10:31:19","{""mimetype"":""video\/mp4"",""size"":7045140732,""width"":1920,""height"":1080}"
3617668,376553,"Moorish Idol (Zanclus cornutus)","Large Ovals > Moorish Idol (Zanclidae) > Moorish Idol (Zanclus cornutus)",3843,Max,Romes,39978,10.12.24_Nursery_algaemix_ganzrichtig.mp4,1,Point,"[[1618.9,525.64]]",[667.880476],3077274,"2025-08-26 10:31:20","{""mimetype"":""video\/mp4"",""size"":7045140732,""width"":1920,""height"":1080}"
3617669,376553,"Moorish Idol (Zanclus cornutus)","Large Ovals > Moorish Idol (Zanclidae) > Moorish Idol (Zanclus cornutus)",3843,Max,Romes,39978,10.12.24_Nursery_algaemix_ganzrichtig.mp4,1,Point,"[[1347.24,518.53]]",[667.880476],3077275,"2025-08-26 10:31:21","{""mimetype"":""video\/mp4"",""size"":7045140732,""width"":1920,""height"":1080}"
3617670,376553,"Moorish Idol (Zanclus cornutus)","Large Ovals > Moorish Idol (Zanclidae) > Moorish Idol (Zanclus cornutus)",3843,Max,Romes,39978,10.12.24_Nursery_algaemix_ganzrichtig.mp4,1,Point,"[[1096.91,505.74]]",[667.880476],3077276,"2025-08-26 10:31:24","{""mimetype"":""video\/mp4"",""size"":7045140732,""width"":1920,""height"":1080}"
3617671,376553,"Moorish Idol (Zanclus cornutus)","Large Ovals > Moorish Idol (Zanclidae) > Moorish Idol (Zanclus cornutus)",3843,Max,Romes,39978,10.12.24_Nursery_algaemix_ganzrichtig.mp4,1,Point,"[[1222.07,384.93]]",[667.880476],3077277,"2025-08-26 10:31:25","{""mimetype"":""video\/mp4"",""size"":7045140732,""width"":1920,""height"":1080}"
3617672,376553,"Moorish Idol (Zanclus cornutus)","Large Ovals > Moorish Idol (Zanclidae) > Moorish Idol (Zanclus cornutus)",3843,Max,Romes,39978,10.12.24_Nursery_algaemix_ganzrichtig.mp4,1,Point,"[[1395.6,431.83]]",[667.880476],3077278,"2025-08-26 10:31:25","{""mimetype"":""video\/mp4"",""size"":7045140732,""width"":1920,""height"":1080}"
3617921,377585,"Lined Bristletooth (Ctenochaetus striatus)","Large Ovals > Surgeonfishes (Acanthuridae) > Lined Bristletooth (Ctenochaetus striatus)",3843,Max,Romes,39978,10.12.24_Nursery_algaemix_ganzrichtig.mp4,1,Point,"[[335.97,859.66]]",[924.697348],3077279,"2025-08-26 13:04:10","{""mimetype"":""video\/mp4"",""size"":7045140732,""width"":1920,""height"":1080}"
3617922,377585,"Lined Bristletooth (Ctenochaetus striatus)","Large Ovals > Surgeonfishes (Acanthuridae) > Lined Bristletooth (Ctenochaetus striatus)",3843,Max,Romes,39978,10.12.24_Nursery_algaemix_ganzrichtig.mp4,1,Point,"[[444.07,910.83]]",[924.697348],3077280,"2025-08-26 13:04:10","{""mimetype"":""video\/mp4"",""size"":7045140732,""width"":1920,""height"":1080}"
3617923,475239,"Humpback Feeding","Sloping Heads > Snappers (Lutjanidae) > Humpback (Lutjanus gibbus) > Humpback Feeding",3843,Max,Romes,39978,10.12.24_Nursery_algaemix_ganzrichtig.mp4,1,Point,"[[850.48,603.32]]",[968.608479],3077281,"2025-08-26 13:06:56","{""mimetype"":""video\/mp4"",""size"":7045140732,""width"":1920,""height"":1080}"
3617924,475239,"Humpback Feeding","Sloping Heads > Snappers (Lutjanidae) > Humpback (Lutjanus gibbus) > Humpback Feeding",3843,Max,Romes,39978,10.12.24_Nursery_algaemix_ganzrichtig.mp4,1,Point,"[[1043.57,699.8]]",[968.608479],3077282,"2025-08-26 13:06:57","{""mimetype"":""video\/mp4"",""size"":7045140732,""width"":1920,""height"":1080}"
3617925,473719,"Mahsena (Lethrinus mahsena)","Sloping Heads > Snappers (Lutjanidae) > Mahsena (Lethrinus mahsena)",3843,Max,Romes,39978,10.12.24_Nursery_algaemix_ganzrichtig.mp4,1,Point,"[[332.66,864.52]]",[1004.224612],3077283,"2025-08-26 13:07:42","{""mimetype"":""video\/mp4"",""size"":7045140732,""width"":1920,""height"":1080}"
3617926,379835,"Honeycomb (Siganus stellatus)","Large Ovals > Rabbitfishes (Siganidae) > Honeycomb (Siganus stellatus)",3843,Max,Romes,39978,10.12.24_Nursery_algaemix_ganzrichtig.mp4,1,Point,"[[1275.4,467.24]]",[1022.263023],3077284,"2025-08-26 13:08:46","{""mimetype"":""video\/mp4"",""size"":7045140732,""width"":1920,""height"":1080}"
3617927,379835,"Honeycomb (Siganus stellatus)","Large Ovals > Rabbitfishes (Siganidae) > Honeycomb (Siganus stellatus)",3843,Max,Romes,39978,10.12.24_Nursery_algaemix_ganzrichtig.mp4,1,Point,"[[1428.74,488.52]]",[1022.263023],3077285,"2025-08-26 13:08:46","{""mimetype"":""video\/mp4"",""size"":7045140732,""width"":1920,""height"":1080}"
3617928,379835,"Honeycomb (Siganus stellatus)","Large Ovals > Rabbitfishes (Siganidae) > Honeycomb (Siganus stellatus)",3843,Max,Romes,39978,10.12.24_Nursery_algaemix_ganzrichtig.mp4,1,Point,"[[1019.84,373.6]]",[1022.263023],3077286,"2025-08-26 13:08:47","{""mimetype"":""video\/mp4"",""size"":7045140732,""width"":1920,""height"":1080}"
3617929,379835,"Honeycomb (Siganus stellatus)","Large Ovals > Rabbitfishes (Siganidae) > Honeycomb (Siganus stellatus)",3843,Max,Romes,39978,10.12.24_Nursery_algaemix_ganzrichtig.mp4,1,Point,"[[1039.72,166.44]]",[1022.263023],3077287,"2025-08-26 13:08:49","{""mimetype"":""video\/mp4"",""size"":7045140732,""width"":1920,""height"":1080}"
3617930,427181,"Honeycomb Feeding","Large Ovals > Rabbitfishes (Siganidae) > Honeycomb (Siganus stellatus) > Honeycomb Feeding",3843,Max,Romes,39978,10.12.24_Nursery_algaemix_ganzrichtig.mp4,1,Point,"[[850.89,586.42]]",[1034.435905],3077288,"2025-08-26 13:09:20","{""mimetype"":""video\/mp4"",""size"":7045140732,""width"":1920,""height"":1080}"
3617931,379847,"Trumpetfish (Aulostomus chinensis)","Odd-shaped Swimmers > Trumpetfishes (Aulostomidae) > Trumpetfish (Aulostomus chinensis)",3843,Max,Romes,39978,10.12.24_Nursery_algaemix_ganzrichtig.mp4,1,Point,"[[180.75,765.2]]",[1046.813701],3077289,"2025-08-26 13:09:44","{""mimetype"":""video\/mp4"",""size"":7045140732,""width"":1920,""height"":1080}"
3617933,379872,"Threespot Dascyllus (Dascyllus trimaculatus)","Small Ovals - Damselfishes > Damselfishes (Pomacentridae) > Threespot Dascyllus (Dascyllus trimaculatus)",3843,Max,Romes,39978,10.12.24_Nursery_algaemix_ganzrichtig.mp4,1,Point,"[[1783.14,662.59]]",[1161.851172],3077291,"2025-08-26 13:13:15","{""mimetype"":""video\/mp4"",""size"":7045140732,""width"":1920,""height"":1080}"
3617934,379872,"Threespot Dascyllus (Dascyllus trimaculatus)","Small Ovals - Damselfishes > Damselfishes (Pomacentridae) > Threespot Dascyllus (Dascyllus trimaculatus)",3843,Max,Romes,39978,10.12.24_Nursery_algaemix_ganzrichtig.mp4,1,Point,"[[1538.6,656.96]]",[1161.851172],3077292,"2025-08-26 13:13:15","{""mimetype"":""video\/mp4"",""size"":7045140732,""width"":1920,""height"":1080}"
3617935,379872,"Threespot Dascyllus (Dascyllus trimaculatus)","Small Ovals - Damselfishes > Damselfishes (Pomacentridae) > Threespot Dascyllus (Dascyllus trimaculatus)",3843,Max,Romes,39978,10.12.24_Nursery_algaemix_ganzrichtig.mp4,1,Point,"[[1236.6,699.75]]",[1161.851172],3077293,"2025-08-26 13:13:16","{""mimetype"":""video\/mp4"",""size"":7045140732,""width"":1920,""height"":1080}"
3617936,379872,"Threespot Dascyllus (Dascyllus trimaculatus)","Small Ovals - Damselfishes > Damselfishes (Pomacentridae) > Threespot Dascyllus (Dascyllus trimaculatus)",3843,Max,Romes,39978,10.12.24_Nursery_algaemix_ganzrichtig.mp4,1,Point,"[[1514.94,412.58]]",[1161.851172],3077294,"2025-08-26 13:13:17","{""mimetype"":""video\/mp4"",""size"":7045140732,""width"":1920,""height"":1080}"
3617937,377484,"Yellowstripe (Mulloidichthys flavolineatus)","Odd-shaped Swimmers > Goatfishes (Mullidae) > Yellowstripe (Mulloidichthys flavolineatus)",3843,Max,Romes,39978,10.12.24_Nursery_algaemix_ganzrichtig.mp4,1,Point,"[[771.2,319.11]]",[1330.991865],3077295,"2025-08-26 13:16:44","{""mimetype"":""video\/mp4"",""size"":7045140732,""width"":1920,""height"":1080}"
3617938,377484,"Yellowstripe (Mulloidichthys flavolineatus)","Odd-shaped Swimmers > Goatfishes (Mullidae) > Yellowstripe (Mulloidichthys flavolineatus)",3843,Max,Romes,39978,10.12.24_Nursery_algaemix_ganzrichtig.mp4,1,Point,"[[753.17,234.65]]",[1330.991865],3077296,"2025-08-26 13:16:45","{""mimetype"":""video\/mp4"",""size"":7045140732,""width"":1920,""height"":1080}"
3617939,377484,"Yellowstripe (Mulloidichthys flavolineatus)","Odd-shaped Swimmers > Goatfishes (Mullidae) > Yellowstripe (Mulloidichthys flavolineatus)",3843,Max,Romes,39978,10.12.24_Nursery_algaemix_ganzrichtig.mp4,1,Point,"[[797.11,233.53]]",[1330.991865],3077297,"2025-08-26 13:16:45","{""mimetype"":""video\/mp4"",""size"":7045140732,""width"":1920,""height"":1080}"
3617940,443001,"Longnose (Lethrinus olivaceus)","Sloping Heads > Emperors (Lethrinidae) > Longnose (Lethrinus olivaceus)",3843,Max,Romes,39978,10.12.24_Nursery_algaemix_ganzrichtig.mp4,1,Point,"[[1621.99,538.71]]",[1336.72201],3077298,"2025-08-26 13:17:00","{""mimetype"":""video\/mp4"",""size"":7045140732,""width"":1920,""height"":1080}"
3617941,427158,"Yellow-margin Feeding","Eels > Morays (Muraenidae) > Yellow-margin (Gymnothorax flavimarginatus) > Yellow-margin Feeding",3843,Max,Romes,39978,10.12.24_Nursery_algaemix_ganzrichtig.mp4,1,Point,"[[892.9,396.82]]",[1433.35517],3077299,"2025-08-26 13:18:52","{""mimetype"":""video\/mp4"",""size"":7045140732,""width"":1920,""height"":1080}"
3617942,379851,"Yellowhead (Chaetodon xanthocephalus)","Disk-shaped/Colourful > Butterflyfishes (Chaetodontidae) > Yellowhead (Chaetodon xanthocephalus)",3843,Max,Romes,39978,10.12.24_Nursery_algaemix_ganzrichtig.mp4,1,Point,"[[1463.18,573.47]]",[1523.660801],3077300,"2025-08-26 13:20:28","{""mimetype"":""video\/mp4"",""size"":7045140732,""width"":1920,""height"":1080}"
3617943,376548,"Red-breasted (Cheilinus fasciatus)","Wrasses > Wrasses (Labridae) > Red-breasted (Cheilinus fasciatus)",3843,Max,Romes,39978,10.12.24_Nursery_algaemix_ganzrichtig.mp4,1,Point,"[[328.41,313.33]]",[1678.128811],3077301,"2025-08-26 13:23:07","{""mimetype"":""video\/mp4"",""size"":7045140732,""width"":1920,""height"":1080}"
3617947,475241,"Map (Arothron mappa)","Odd-shaped Swimmers > Puffers (Tetraodontidae) > Map (Arothron mappa)",3843,Max,Romes,39978,10.12.24_Nursery_algaemix_ganzrichtig.mp4,1,Point,"[[1868.19,267.27]]",[1766.004153],3077305,"2025-08-26 13:28:03","{""mimetype"":""video\/mp4"",""size"":7045140732,""width"":1920,""height"":1080}"
3617948,475241,"Map (Arothron mappa)","Odd-shaped Swimmers > Puffers (Tetraodontidae) > Map (Arothron mappa)",3843,Max,Romes,39978,10.12.24_Nursery_algaemix_ganzrichtig.mp4,1,Point,"[[37.57,384.57]]",[1766.004153],3077306,"2025-08-26 13:28:04","{""mimetype"":""video\/mp4"",""size"":7045140732,""width"":1920,""height"":1080}"
3617951,375569,"Triggerfishes (Balistidae)","Odd-shaped Swimmers > Triggerfishes (Balistidae)",3843,Max,Romes,39978,10.12.24_Nursery_algaemix_ganzrichtig.mp4,1,Point,"[[656.9,330.53]]",[1991.308194],3077309,"2025-08-26 13:36:48","{""mimetype"":""video\/mp4"",""size"":7045140732,""width"":1920,""height"":1080}"
3617952,375569,"Triggerfishes (Balistidae)","Odd-shaped Swimmers > Triggerfishes (Balistidae)",3843,Max,Romes,39978,10.12.24_Nursery_algaemix_ganzrichtig.mp4,1,Point,"[[427.67,299.29]]",[1991.308194],3077310,"2025-08-26 13:36:49","{""mimetype"":""video\/mp4"",""size"":7045140732,""width"":1920,""height"":1080}"
3617953,375569,"Triggerfishes (Balistidae)","Odd-shaped Swimmers > Triggerfishes (Balistidae)",3843,Max,Romes,39978,10.12.24_Nursery_algaemix_ganzrichtig.mp4,1,Point,"[[479.77,271.96]]",[1991.308194],3077311,"2025-08-26 13:36:49","{""mimetype"":""video\/mp4"",""size"":7045140732,""width"":1920,""height"":1080}"
3617954,386810,"Black-backed (Chaetodon melannotus)","Disk-shaped/Colourful > Butterflyfishes (Chaetodontidae) > Black-backed (Chaetodon melannotus)",3843,Max,Romes,39978,10.12.24_Nursery_algaemix_ganzrichtig.mp4,1,Point,"[[781.94,741.83]]",[2117.56396],3077312,"2025-08-26 13:39:12","{""mimetype"":""video\/mp4"",""size"":7045140732,""width"":1920,""height"":1080}"
3617955,386810,"Black-backed (Chaetodon melannotus)","Disk-shaped/Colourful > Butterflyfishes (Chaetodontidae) > Black-backed (Chaetodon melannotus)",3843,Max,Romes,39978,10.12.24_Nursery_algaemix_ganzrichtig.mp4,1,Point,"[[791.06,731.42]]",[2117.56396],3077313,"2025-08-26 13:39:12","{""mimetype"":""video\/mp4"",""size"":7045140732,""width"":1920,""height"":1080}"
3617956,386810,"Black-backed (Chaetodon melannotus)","Disk-shaped/Colourful > Butterflyfishes (Chaetodontidae) > Black-backed (Chaetodon melannotus)",3843,Max,Romes,39978,10.12.24_Nursery_algaemix_ganzrichtig.mp4,1,Point,"[[698.58,685.86]]",[2117.56396],3077314,"2025-08-26 13:39:13","{""mimetype"":""video\/mp4"",""size"":7045140732,""width"":1920,""height"":1080}"
3617957,386810,"Black-backed (Chaetodon melannotus)","Disk-shaped/Colourful > Butterflyfishes (Chaetodontidae) > Black-backed (Chaetodon melannotus)",3843,Max,Romes,39978,10.12.24_Nursery_algaemix_ganzrichtig.mp4,1,Point,"[[785.85,672.85]]",[2117.56396],3077315,"2025-08-26 13:39:27","{""mimetype"":""video\/mp4"",""size"":7045140732,""width"":1920,""height"":1080}"
3617958,375537,"Jacks/Trevallyes (Carangidae)","Silvery > Jacks/Trevallyes (Carangidae)",3843,Max,Romes,39978,10.12.24_Nursery_algaemix_ganzrichtig.mp4,1,Point,"[[371.66,266.75]]",[2137.318037],3077316,"2025-08-26 13:39:55","{""mimetype"":""video\/mp4"",""size"":7045140732,""width"":1920,""height"":1080}"
3617959,375537,"Jacks/Trevallyes (Carangidae)","Silvery > Jacks/Trevallyes (Carangidae)",3843,Max,Romes,39978,10.12.24_Nursery_algaemix_ganzrichtig.mp4,1,Point,"[[527.96,366.97]]",[2137.318037],3077317,"2025-08-26 13:39:55","{""mimetype"":""video\/mp4"",""size"":7045140732,""width"":1920,""height"":1080}"
3617960,427237,"Parrotfishes Feeding","Parrotfishes > Parrotfishes (Scaridae) > Parrotfishes Feeding",3843,Max,Romes,39978,10.12.24_Nursery_algaemix_ganzrichtig.mp4,1,Point,"[[934.33,299.29]]",[2236.742633],3077318,"2025-08-26 13:41:15","{""mimetype"":""video\/mp4"",""size"":7045140732,""width"":1920,""height"":1080}"
3617961,379880,"Halfmoon (Sufflamen chrysopterum)","Odd-shaped Swimmers > Triggerfishes (Balistidae) > Halfmoon (Sufflamen chrysopterum)",3843,Max,Romes,39978,10.12.24_Nursery_algaemix_ganzrichtig.mp4,1,Point,"[[31.78,821.2]]",[2990.786857],3077319,"2025-08-26 13:54:36","{""mimetype"":""video\/mp4"",""size"":7045140732,""width"":1920,""height"":1080}"
3617962,388458,"Scrawled (Aluterus scriptus)","Odd-shaped Swimmers > Filefishes (Monacanthidae) > Scrawled (Aluterus scriptus)",3843,Max,Romes,39978,10.12.24_Nursery_algaemix_ganzrichtig.mp4,1,Point,"[[389.53,511.7]]",[3188.984335],3077320,"2025-08-26 13:57:05","{""mimetype"":""video\/mp4"",""size"":7045140732,""width"":1920,""height"":1080}"
3617963,378901,"Speckled (Parapercis hexophthalma)","Elongate Sand & Burrow Dwellers > Sandperches (Pinguipedidae) > Speckled (Parapercis hexophthalma)",3843,Max,Romes,39978,10.12.24_Nursery_algaemix_ganzrichtig.mp4,1,Point,"[[239.71,720.43]]",[3583.768753],3077321,"2025-08-26 14:02:05","{""mimetype"":""video\/mp4"",""size"":7045140732,""width"":1920,""height"":1080}"
3620870,375535,"Emperors (Lethrinidae)","Sloping Heads > Emperors (Lethrinidae)",3843,Max,Romes,39978,10.12.24_Nursery_algaemix_ganzrichtig.mp4,1,Point,"[[1393.27,269.02]]",[1099.07019],3080211,"2025-08-27 16:17:16","{""mimetype"":""video\/mp4"",""size"":7045140732,""width"":1920,""height"":1080}"
3620876,475387,"Blackspot (Lutjanus fulviflamma)","Sloping Heads > Snappers (Lutjanidae) > Blackspot (Lutjanus fulviflamma)",3843,Max,Romes,39978,10.12.24_Nursery_algaemix_ganzrichtig.mp4,1,Point,"[[1399.07,710.6]]",[73.274525],3080217,"2025-08-27 16:17:34","{""mimetype"":""video\/mp4"",""size"":7045140732,""width"":1920,""height"":1080}"
3620877,475387,"Blackspot (Lutjanus fulviflamma)","Sloping Heads > Snappers (Lutjanidae) > Blackspot (Lutjanus fulviflamma)",3843,Max,Romes,39978,10.12.24_Nursery_algaemix_ganzrichtig.mp4,1,Point,"[[1535.07,673.83]]",[73.274525],3080218,"2025-08-27 16:17:35","{""mimetype"":""video\/mp4"",""size"":7045140732,""width"":1920,""height"":1080}"
3620881,475387,"Blackspot (Lutjanus fulviflamma)","Sloping Heads > Snappers (Lutjanidae) > Blackspot (Lutjanus fulviflamma)",3843,Max,Romes,39978,10.12.24_Nursery_algaemix_ganzrichtig.mp4,1,Point,"[[1885.47,653.05]]",[73.274525],3080222,"2025-08-27 16:17:44","{""mimetype"":""video\/mp4"",""size"":7045140732,""width"":1920,""height"":1080}"
3620883,475387,"Blackspot (Lutjanus fulviflamma)","Sloping Heads > Snappers (Lutjanidae) > Blackspot (Lutjanus fulviflamma)",3843,Max,Romes,39978,10.12.24_Nursery_algaemix_ganzrichtig.mp4,1,Point,"[[1730.15,623.42]]",[78.067487],3080224,"2025-08-27 16:17:58","{""mimetype"":""video\/mp4"",""size"":7045140732,""width"":1920,""height"":1080}"
3620886,475387,"Blackspot (Lutjanus fulviflamma)","Sloping Heads > Snappers (Lutjanidae) > Blackspot (Lutjanus fulviflamma)",3843,Max,Romes,39978,10.12.24_Nursery_algaemix_ganzrichtig.mp4,1,Point,"[[370.93,586.4]]",[78.067487],3080227,"2025-08-27 16:18:05","{""mimetype"":""video\/mp4"",""size"":7045140732,""width"":1920,""height"":1080}"
3620890,475387,"Blackspot (Lutjanus fulviflamma)","Sloping Heads > Snappers (Lutjanidae) > Blackspot (Lutjanus fulviflamma)",3843,Max,Romes,39978,10.12.24_Nursery_algaemix_ganzrichtig.mp4,1,Point,"[[1858.16,625.1]]",[78.997595],3080231,"2025-08-27 16:18:12","{""mimetype"":""video\/mp4"",""size"":7045140732,""width"":1920,""height"":1080}"
3620892,475387,"Blackspot (Lutjanus fulviflamma)","Sloping Heads > Snappers (Lutjanidae) > Blackspot (Lutjanus fulviflamma)",3843,Max,Romes,39978,10.12.24_Nursery_algaemix_ganzrichtig.mp4,1,Point,"[[1691.41,628.46]]",[78.997595],3080233,"2025-08-27 16:18:12","{""mimetype"":""video\/mp4"",""size"":7045140732,""width"":1920,""height"":1080}"
3620893,475387,"Blackspot (Lutjanus fulviflamma)","Sloping Heads > Snappers (Lutjanidae) > Blackspot (Lutjanus fulviflamma)",3843,Max,Romes,39978,10.12.24_Nursery_algaemix_ganzrichtig.mp4,1,Point,"[[1485.93,633.51]]",[78.997595],3080234,"2025-08-27 16:18:13","{""mimetype"":""video\/mp4"",""size"":7045140732,""width"":1920,""height"":1080}"
3620894,475387,"Blackspot (Lutjanus fulviflamma)","Sloping Heads > Snappers (Lutjanidae) > Blackspot (Lutjanus fulviflamma)",3843,Max,Romes,39978,10.12.24_Nursery_algaemix_ganzrichtig.mp4,1,Point,"[[116.6,535.92]]",[78.997595],3080235,"2025-08-27 16:18:13","{""mimetype"":""video\/mp4"",""size"":7045140732,""width"":1920,""height"":1080}"
3620895,475387,"Blackspot (Lutjanus fulviflamma)","Sloping Heads > Snappers (Lutjanidae) > Blackspot (Lutjanus fulviflamma)",3843,Max,Romes,39978,10.12.24_Nursery_algaemix_ganzrichtig.mp4,1,Point,"[[40.8,591.45]]",[78.997595],3080236,"2025-08-27 16:18:14","{""mimetype"":""video\/mp4"",""size"":7045140732,""width"":1920,""height"":1080}"
3620896,475387,"Blackspot (Lutjanus fulviflamma)","Sloping Heads > Snappers (Lutjanidae) > Blackspot (Lutjanus fulviflamma)",3843,Max,Romes,39978,10.12.24_Nursery_algaemix_ganzrichtig.mp4,1,Point,"[[66.07,653.7]]",[78.997595],3080237,"2025-08-27 16:18:14","{""mimetype"":""video\/mp4"",""size"":7045140732,""width"":1920,""height"":1080}"
