video_annotation_label_id,label_name,label_hierarchy,unspecific,family,genus,species,interested,feeding,frames,time_sec_local,time_sec_local_first,time_sec_local_last,time_sec_local_max,included_47min,is_short_control_nursery,is_split_video,frames_kept_47min,frame_count_raw,frame_count_kept_47min
999000001,Genus Chromis,Small Ovals - Damselfishes > Damselfishes (Pomacentridae) > Genus Chromis,Small Ovals - Damselfishes,Pomacentridae,Genus Chromis,,,,[1.0],[1.0],1.0,1.0,1.0,TRUE,FALSE,FALSE,[1.0],1,1
999000002,Indian Half-and-Half (Pycnochromis dimidiatus),Small Ovals - Damselfishes > Damselfishes (Pomacentridae) > Indian Half-and-Half (Pycnochromis dimidiatus),Small Ovals - Damselfishes,Pomacentridae,Pycnochromis,Indian Half-and-Half (Pycnochromis dimidiatus),,,[1.0],[1.0],1.0,1.0,1.0,TRUE,FALSE,FALSE,[1.0],1,1
3542747,Green (Amblyglyphidodon indicus),Small Ovals - Damselfishes > Damselfishes (Pomacentridae) > Green (Amblyglyphidodon indicus),Small Ovals - Damselfishes,Pomacentridae,Amblyglyphidodon,Green (Amblyglyphidodon indicus),,,[0.1452923],[0.145292],0.145292,0.145292,0.145292,TRUE,FALSE,FALSE,[0.145292],1,1
3542748,Green (Amblyglyphidodon indicus),Small Ovals - Damselfishes > Damselfishes (Pomacentridae) > Green (Amblyglyphidodon indicus),Small Ovals - Damselfishes,Pomacentridae,Amblyglyphidodon,Green (Amblyglyphidodon indicus),,,[0.1452923],[0.145292],0.145292,0.145292,0.145292,TRUE,FALSE,FALSE,[0.145292],1,1
3542750,Green (Amblyglyphidodon indicus),Small Ovals - Damselfishes > Damselfishes (Pomacentridae) > Green (Amblyglyphidodon indicus),Small Ovals - Damselfishes,Pomacentridae,Amblyglyphidodon,Green (Amblyglyphidodon indicus),,,[0.1452923],[0.145292],0.145292,0.145292,0.145292,TRUE,FALSE,FALSE,[0.145292],1,1
3542752,Orange-lined (Balistapus undulatus),Odd-shaped Swimmers > Triggerfishes (Balistidae) > Orange-lined (Balistapus undulatus),Odd-shaped Swimmers,Balistidae,Balistapus,Orange-lined (Balistapus undulatus),,,[2.0557226],[2.055723],2.055723,2.055723,2.055723,TRUE,FALSE,FALSE,[2.055723],1,1
3542753,Orange-lined (Balistapus undulatus),Odd-shaped Swimmers > Triggerfishes (Balistidae) > Orange-lined (Balistapus undulatus),Odd-shaped Swimmers,Balistidae,Balistapus,Orange-lined (Balistapus undulatus),,,[2.0557226],[2.055723],2.055723,2.055723,2.055723,TRUE,FALSE,FALSE,[2.055723],1,1
3542754,Orange-lined (Balistapus undulatus),Odd-shaped Swimmers > Triggerfishes (Balistidae) > Orange-lined (Balistapus undulatus),Odd-shaped Swimmers,Balistidae,Balistapus,Orange-lined (Balistapus undulatus),,,[2.0557226],[2.055723],2.055723,2.055723,2.055723,TRUE,FALSE,FALSE,[2.055723],1,1
3542755,Orange-lined (Balistapus undulatus),Odd-shaped Swimmers > Triggerfishes (Balistidae) > Orange-lined (Balistapus undulatus),Odd-shaped Swimmers,Balistidae,Balistapus,Orange-lined (Balistapus undulatus),,,[2.0557226],[2.055723],2.055723,2.055723,2.055723,TRUE,FALSE,FALSE,[2.055723],1,1
3542756,Moon (Thalassoma lunare),Wrasses > Wrasses (Labridae) > Moon (Thalassoma lunare),Wrasses,Labridae,Thalassoma,Moon (Thalassoma lunare),,,[5.8181896],[5.818190],5.818190,5.818190,5.818190,TRUE,FALSE,FALSE,[5.818190],1,1
3542757,Goldbar (Thalassoma hebraicum),Wrasses > Wrasses (Labridae) > Goldbar (Thalassoma hebraicum),Wrasses,Labridae,Thalassoma,Goldbar (Thalassoma hebraicum),,,[5.8181896],[5.818190],5.818190,5.818190,5.818190,TRUE,FALSE,FALSE,[5.818190],1,1
3542759,Indian Half-and-Half (Pycnochromis dimidiatus),Small Ovals - Damselfishes > Damselfishes (Pomacentridae) > Indian Half-and-Half (Pycnochromis dimidiatus),Small Ovals - Damselfishes,Pomacentridae,Pycnochromis,Indian Half-and-Half (Pycnochromis dimidiatus),,,[6.2476331],[6.247633],6.247633,6.247633,6.247633,TRUE,FALSE,FALSE,[6.247633],1,1
3542760,Red (Lutjanus bohar),Sloping Heads > Snappers (Lutjanidae) > Red (Lutjanus bohar),Sloping Heads,Lutjanidae,Lutjanus,Red (Lutjanus bohar),,,[1.3612594],[1.361259],1.361259,1.361259,1.361259,TRUE,FALSE,FALSE,[1.361259],1,1
3542761,Golden (Ctenochaetus truncates),Large Ovals > Surgeonfishes (Acanthuridae) > Golden (Ctenochaetus truncates),Large Ovals,Acanthuridae,Ctenochaetus,Golden (Ctenochaetus truncates),,,[3.5400115],[3.540011],3.540011,3.540011,3.540011,TRUE,FALSE,FALSE,[3.540011],1,1
3542762,Leopard (Cephalopholis leopardus),Heavy Bodies/Large Lips > Groupers (Serranidae) > Leopard (Cephalopholis leopardus),Heavy Bodies/Large Lips,Serranidae,Cephalopholis,Leopard (Cephalopholis leopardus),,,[3.5400115],[3.540011],3.540011,3.540011,3.540011,TRUE,FALSE,FALSE,[3.540011],1,1
3542763,Genus Squirrel (Sargocentron),Reddish/Big Eyes > Soldier-&Squirrelfishes (Holocentridae) > Genus Squirrel (Sargocentron),Reddish/Big Eyes,Holocentridae,Genus Squirrel,,,,[3.5400115],[3.540011],3.540011,3.540011,3.540011,TRUE,FALSE,FALSE,[3.540011],1,1
3542764,Genus Soldier (Myripristis),Reddish/Big Eyes > Soldier-&Squirrelfishes (Holocentridae) > Genus Soldier (Myripristis),Reddish/Big Eyes,Holocentridae,Genus Soldier,,,,[5.9400735],[5.940073],5.940073,5.940073,5.940073,TRUE,FALSE,FALSE,[5.940073],1,1
3542765,False-eye (Abudefduf sparoides),Small Ovals - Damselfishes > Damselfishes (Pomacentridae) > False-eye (Abudefduf sparoides),Small Ovals - Damselfishes,Pomacentridae,Abudefduf,False-eye (Abudefduf sparoides),,,[11.0884973],[11.088497],11.088497,11.088497,11.088497,TRUE,FALSE,FALSE,[11.088497],1,1
3542766,Green Interested,Small Ovals - Damselfishes > Damselfishes (Pomacentridae) > Green (Amblyglyphidodon indicus) > Green Interested,Small Ovals - Damselfishes,Pomacentridae,Amblyglyphidodon,Green (Amblyglyphidodon indicus),interested,,[15.8151862],[15.815186],15.815186,15.815186,15.815186,TRUE,FALSE,FALSE,[15.815186],1,1
3542767,Green Interested,Small Ovals - Damselfishes > Damselfishes (Pomacentridae) > Green (Amblyglyphidodon indicus) > Green Interested,Small Ovals - Damselfishes,Pomacentridae,Amblyglyphidodon,Green (Amblyglyphidodon indicus),interested,,[15.8151862],[15.815186],15.815186,15.815186,15.815186,TRUE,FALSE,FALSE,[15.815186],1,1
3542768,Green Feeding,Small Ovals - Damselfishes > Damselfishes (Pomacentridae) > Green (Amblyglyphidodon indicus) > Green Feeding,Small Ovals - Damselfishes,Pomacentridae,Amblyglyphidodon,Green (Amblyglyphidodon indicus),,feeding,[15.8151862],[15.815186],15.815186,15.815186,15.815186,TRUE,FALSE,FALSE,[15.815186],1,1
3542769,False-eye (Abudefduf sparoides),Small Ovals - Damselfishes > Damselfishes (Pomacentridae) > False-eye (Abudefduf sparoides),Small Ovals - Damselfishes,Pomacentridae,Abudefduf,False-eye (Abudefduf sparoides),,,[15.8151862],[15.815186],15.815186,15.815186,15.815186,TRUE,FALSE,FALSE,[15.815186],1,1
3542770,False-eye (Abudefduf sparoides),Small Ovals - Damselfishes > Damselfishes (Pomacentridae) > False-eye (Abudefduf sparoides),Small Ovals - Damselfishes,Pomacentridae,Abudefduf,False-eye (Abudefduf sparoides),,,[15.8151862],[15.815186],15.815186,15.815186,15.815186,TRUE,FALSE,FALSE,[15.815186],1,1
3542771,Goldbar (Thalassoma hebraicum),Wrasses > Wrasses (Labridae) > Goldbar (Thalassoma hebraicum),Wrasses,Labridae,Thalassoma,Goldbar (Thalassoma hebraicum),,,[24.5172023],[24.517202],24.517202,24.517202,24.517202,TRUE,FALSE,FALSE,[24.517202],1,1
3542772,Goldbar (Thalassoma hebraicum),Wrasses > Wrasses (Labridae) > Goldbar (Thalassoma hebraicum),Wrasses,Labridae,Thalassoma,Goldbar (Thalassoma hebraicum),,,[24.5172023],[24.517202],24.517202,24.517202,24.517202,TRUE,FALSE,FALSE,[24.517202],1,1
3542773,Groupers (Serranidae),Heavy Bodies/Large Lips > Groupers (Serranidae),Heavy Bodies/Large Lips,Serranidae,,,,,[25.1183093],[25.118309],25.118309,25.118309,25.118309,TRUE,FALSE,FALSE,[25.118309],1,1
3542774,Goldbar Interested,Wrasses > Wrasses (Labridae) > Goldbar (Thalassoma hebraicum) > Goldbar Interested,Wrasses,Labridae,Thalassoma,Goldbar (Thalassoma hebraicum),interested,,[30.0083624],[30.008362],30.008362,30.008362,30.008362,TRUE,FALSE,FALSE,[30.008362],1,1
3542775,Red Interested,Sloping Heads > Snappers (Lutjanidae) > Red (Lutjanus bohar) > Red Interested,Sloping Heads,Lutjanidae,Lutjanus,Red (Lutjanus bohar),interested,,[40.8321105],[40.832110],40.832110,40.832110,40.832110,TRUE,FALSE,FALSE,[40.832110],1,1
3542776,Goldbar (Thalassoma hebraicum),Wrasses > Wrasses (Labridae) > Goldbar (Thalassoma hebraicum),Wrasses,Labridae,Thalassoma,Goldbar (Thalassoma hebraicum),,,[47.8624262],[47.862426],47.862426,47.862426,47.862426,TRUE,FALSE,FALSE,[47.862426],1,1
3542777,Goldbar (Thalassoma hebraicum),Wrasses > Wrasses (Labridae) > Goldbar (Thalassoma hebraicum),Wrasses,Labridae,Thalassoma,Goldbar (Thalassoma hebraicum),,,[47.8624262],[47.862426],47.862426,47.862426,47.862426,TRUE,FALSE,FALSE,[47.862426],1,1
3542778,Goldbar (Thalassoma hebraicum),Wrasses > Wrasses (Labridae) > Goldbar (Thalassoma hebraicum),Wrasses,Labridae,Thalassoma,Goldbar (Thalassoma hebraicum),,,[47.8624262],[47.862426],47.862426,47.862426,47.862426,TRUE,FALSE,FALSE,[47.862426],1,1
3542779,Humpnose Bigeye (Monotaxis grandoculis),Sloping Heads > Emperors (Lethrinidae) > Humpnose Bigeye (Monotaxis grandoculis),Sloping Heads,Lethrinidae,Monotaxis,Humpnose Bigeye (Monotaxis grandoculis),,,[53.3708597],[53.370860],53.370860,53.370860,53.370860,TRUE,FALSE,FALSE,[53.370860],1,1
3542780,Goldbar Feeding,Wrasses > Wrasses (Labridae) > Goldbar (Thalassoma hebraicum) > Goldbar Feeding,Wrasses,Labridae,Thalassoma,Goldbar (Thalassoma hebraicum),,feeding,[66.4775688],[66.477569],66.477569,66.477569,66.477569,TRUE,FALSE,FALSE,[66.477569],1,1
3542781,Bird wrasse (Gomphosus caeruleus),Wrasses > Wrasses (Labridae) > Bird wrasse (Gomphosus caeruleus),Wrasses,Labridae,Gomphosus,Bird wrasse (Gomphosus caeruleus),,,[68.1867988],[68.186799],68.186799,68.186799,68.186799,TRUE,FALSE,FALSE,[68.186799],1,1
3542783,Longbarbel (Parupeneus macronemus),Odd-shaped Swimmers > Goatfishes (Mullidae) > Longbarbel (Parupeneus macronemus),Odd-shaped Swimmers,Mullidae,Parupeneus,Longbarbel (Parupeneus macronemus),,,[68.1867988],[68.186799],68.186799,68.186799,68.186799,TRUE,FALSE,FALSE,[68.186799],1,1
3542785,Indian Redfin (Chaetodon trifasciatus),Disk-shaped/Colourful > Butterflyfishes (Chaetodontidae) > Indian Redfin (Chaetodon trifasciatus),Disk-shaped/Colourful,Chaetodontidae,Chaetodon,Indian Redfin (Chaetodon trifasciatus),,,[75.4097174],[75.409717],75.409717,75.409717,75.409717,TRUE,FALSE,FALSE,[75.409717],1,1
3542786,Green (Amblyglyphidodon indicus),Small Ovals - Damselfishes > Damselfishes (Pomacentridae) > Green (Amblyglyphidodon indicus),Small Ovals - Damselfishes,Pomacentridae,Amblyglyphidodon,Green (Amblyglyphidodon indicus),,,[75.4097174],[75.409717],75.409717,75.409717,75.409717,TRUE,FALSE,FALSE,[75.409717],1,1
3542787,Green (Amblyglyphidodon indicus),Small Ovals - Damselfishes > Damselfishes (Pomacentridae) > Green (Amblyglyphidodon indicus),Small Ovals - Damselfishes,Pomacentridae,Amblyglyphidodon,Green (Amblyglyphidodon indicus),,,[75.4097174],[75.409717],75.409717,75.409717,75.409717,TRUE,FALSE,FALSE,[75.409717],1,1
3542788,Green (Amblyglyphidodon indicus),Small Ovals - Damselfishes > Damselfishes (Pomacentridae) > Green (Amblyglyphidodon indicus),Small Ovals - Damselfishes,Pomacentridae,Amblyglyphidodon,Green (Amblyglyphidodon indicus),,,[75.4097174],[75.409717],75.409717,75.409717,75.409717,TRUE,FALSE,FALSE,[75.409717],1,1
3542789,Green (Amblyglyphidodon indicus),Small Ovals - Damselfishes > Damselfishes (Pomacentridae) > Green (Amblyglyphidodon indicus),Small Ovals - Damselfishes,Pomacentridae,Amblyglyphidodon,Green (Amblyglyphidodon indicus),,,[75.4097174],[75.409717],75.409717,75.409717,75.409717,TRUE,FALSE,FALSE,[75.409717],1,1
3542790,Moon (Thalassoma lunare),Wrasses > Wrasses (Labridae) > Moon (Thalassoma lunare),Wrasses,Labridae,Thalassoma,Moon (Thalassoma lunare),,,[81.0911524],[81.091152],81.091152,81.091152,81.091152,TRUE,FALSE,FALSE,[81.091152],1,1
3542791,Moon (Thalassoma lunare),Wrasses > Wrasses (Labridae) > Moon (Thalassoma lunare),Wrasses,Labridae,Thalassoma,Moon (Thalassoma lunare),,,[81.0911524],[81.091152],81.091152,81.091152,81.091152,TRUE,FALSE,FALSE,[81.091152],1,1
3542792,Redmouth (Aethaloperca rogaa),Heavy Bodies/Large Lips > Groupers (Serranidae) > Redmouth (Aethaloperca rogaa),Heavy Bodies/Large Lips,Serranidae,Aethaloperca,Redmouth (Aethaloperca rogaa),,,[87.7242329],[87.724233],87.724233,87.724233,87.724233,TRUE,FALSE,FALSE,[87.724233],1,1
3542793,Regal (Pygoplites diacanthus),Disk-shaped/Colourful > Angelfishes (Pomacanthidae) > Regal (Pygoplites diacanthus),Disk-shaped/Colourful,Pomacanthidae,Pygoplites,Regal (Pygoplites diacanthus),,,[94.6525385],[94.652539],94.652539,94.652539,94.652539,TRUE,FALSE,FALSE,[94.652539],1,1
3542794,Genus Squirrel (Sargocentron),Reddish/Big Eyes > Soldier-&Squirrelfishes (Holocentridae) > Genus Squirrel (Sargocentron),Reddish/Big Eyes,Holocentridae,Genus Squirrel,,,,[95.0599174],[95.059917],95.059917,95.059917,95.059917,TRUE,FALSE,FALSE,[95.059917],1,1
3542795,Genus Squirrel (Sargocentron),Reddish/Big Eyes > Soldier-&Squirrelfishes (Holocentridae) > Genus Squirrel (Sargocentron),Reddish/Big Eyes,Holocentridae,Genus Squirrel,,,,[95.0599174],[95.059917],95.059917,95.059917,95.059917,TRUE,FALSE,FALSE,[95.059917],1,1
3542796,Swarthy (Scarus niger),Parrotfishes > Parrotfishes (Scaridae) > Swarthy (Scarus niger),Parrotfishes,Scaridae,Scarus,Swarthy (Scarus niger),,,[100.5504733],[100.550473],100.550473,100.550473,100.550473,TRUE,FALSE,FALSE,[100.550473],1,1
3542798,Black-backed (Chaetodon melannotus),Disk-shaped/Colourful > Butterflyfishes (Chaetodontidae) > Black-backed (Chaetodon melannotus),Disk-shaped/Colourful,Chaetodontidae,Chaetodon,Black-backed (Chaetodon melannotus),,,[119.8571942],[119.857194],119.857194,119.857194,119.857194,TRUE,FALSE,FALSE,[119.857194],1,1
3542800,Trumpetfish (Aulostomus chinensis),Odd-shaped Swimmers > Trumpetfishes (Aulostomidae) > Trumpetfish (Aulostomus chinensis),Odd-shaped Swimmers,Aulostomidae,Aulostomus,Trumpetfish (Aulostomus chinensis),,,[153.0866411],[153.086641],153.086641,153.086641,153.086641,TRUE,FALSE,FALSE,[153.086641],1,1
3542801,Brown Pigmy (Centropyge multispinis),Disk-shaped/Colourful > Angelfishes (Pomacanthidae) > Brown Pigmy (Centropyge multispinis),Disk-shaped/Colourful,Pomacanthidae,Centropyge,Brown Pigmy (Centropyge multispinis),,,[158.0437728],[158.043773],158.043773,158.043773,158.043773,TRUE,FALSE,FALSE,[158.043773],1,1
3542802,Redmouth (Aethaloperca rogaa),Heavy Bodies/Large Lips > Groupers (Serranidae) > Redmouth (Aethaloperca rogaa),Heavy Bodies/Large Lips,Serranidae,Aethaloperca,Redmouth (Aethaloperca rogaa),,,[177.0383059],[177.038306],177.038306,177.038306,177.038306,TRUE,FALSE,FALSE,[177.038306],1,1
3542803,Redmouth (Aethaloperca rogaa),Heavy Bodies/Large Lips > Groupers (Serranidae) > Redmouth (Aethaloperca rogaa),Heavy Bodies/Large Lips,Serranidae,Aethaloperca,Redmouth (Aethaloperca rogaa),,,[177.0383059],[177.038306],177.038306,177.038306,177.038306,TRUE,FALSE,FALSE,[177.038306],1,1
3542806,Bicolor (Labroides bicolor),Wrasses > Wrasses (Labridae) > Bicolor (Labroides bicolor),Wrasses,Labridae,Labroides,Bicolor (Labroides bicolor),,,[189.5882951],[189.588295],189.588295,189.588295,189.588295,TRUE,FALSE,FALSE,[189.588295],1,1
3542816,Parrotfishes (Scaridae),Parrotfishes > Parrotfishes (Scaridae),Parrotfishes,Scaridae,,,,,[238.134455],[238.134455],238.134455,238.134455,238.134455,TRUE,FALSE,FALSE,[238.134455],1,1
3542819,Stareye (Calotomus carolinus),Parrotfishes > Parrotfishes (Scaridae) > Stareye (Calotomus carolinus),Parrotfishes,Scaridae,Calotomus,Stareye (Calotomus carolinus),,,[256.932398],[256.932398],256.932398,256.932398,256.932398,TRUE,FALSE,FALSE,[256.932398],1,1
3542821,Brown Tang (Zebrasoma scopas),Large Ovals > Surgeonfishes (Acanthuridae) > Brown Tang (Zebrasoma scopas),Large Ovals,Acanthuridae,Zebrasoma,Brown Tang (Zebrasoma scopas),,,[293.5322277],[293.532228],293.532228,293.532228,293.532228,TRUE,FALSE,FALSE,[293.532228],1,1
3542859,Barred (Hemigymnus fasciatus),Wrasses > Wrasses (Labridae) > Barred (Hemigymnus fasciatus),Wrasses,Labridae,Hemigymnus,Barred (Hemigymnus fasciatus),,,[347.7583011],[347.758301],347.758301,347.758301,347.758301,TRUE,FALSE,FALSE,[347.758301],1,1
3542867,Bullethead (Chlorurus sordidus),Parrotfishes > Parrotfishes (Scaridae) > Bullethead (Chlorurus sordidus),Parrotfishes,Scaridae,Chlorurus,Bullethead (Chlorurus sordidus),,,[407.9221302],[407.922130],407.922130,407.922130,407.922130,TRUE,FALSE,FALSE,[407.922130],1,1
3542878,Brown Pigmy (Centropyge multispinis),Disk-shaped/Colourful > Angelfishes (Pomacanthidae) > Brown Pigmy (Centropyge multispinis),Disk-shaped/Colourful,Pomacanthidae,Centropyge,Brown Pigmy (Centropyge multispinis),,,[439.6281647],[439.628165],439.628165,439.628165,439.628165,TRUE,FALSE,FALSE,[439.628165],1,1
3542879,Brown Pigmy (Centropyge multispinis),Disk-shaped/Colourful > Angelfishes (Pomacanthidae) > Brown Pigmy (Centropyge multispinis),Disk-shaped/Colourful,Pomacanthidae,Centropyge,Brown Pigmy (Centropyge multispinis),,,[439.6281647],[439.628165],439.628165,439.628165,439.628165,TRUE,FALSE,FALSE,[439.628165],1,1
3542886,Axilspot Hogfish (Bodianus axillaris),Wrasses > Wrasses (Labridae) > Axilspot Hogfish (Bodianus axillaris),Wrasses,Labridae,Bodianus,Axilspot Hogfish (Bodianus axillaris),,,[457.5338209],[457.533821],457.533821,457.533821,457.533821,TRUE,FALSE,FALSE,[457.533821],1,1
3542890,Spotted (Chaetodon guttatissimus),Disk-shaped/Colourful > Butterflyfishes (Chaetodontidae) > Spotted (Chaetodon guttatissimus),Disk-shaped/Colourful,Chaetodontidae,Chaetodon,Spotted (Chaetodon guttatissimus),,,[480.3886947],[480.388695],480.388695,480.388695,480.388695,TRUE,FALSE,FALSE,[480.388695],1,1
3542893,Parrotfishes (Scaridae),Parrotfishes > Parrotfishes (Scaridae),Parrotfishes,Scaridae,,,,,[481.9020146],[481.902015],481.902015,481.902015,481.902015,TRUE,FALSE,FALSE,[481.902015],1,1
3542894,Parrotfishes (Scaridae),Parrotfishes > Parrotfishes (Scaridae),Parrotfishes,Scaridae,,,,,[481.9020146],[481.902015],481.902015,481.902015,481.902015,TRUE,FALSE,FALSE,[481.902015],1,1
3542895,Parrotfishes (Scaridae),Parrotfishes > Parrotfishes (Scaridae),Parrotfishes,Scaridae,,,,,[481.9020146],[481.902015],481.902015,481.902015,481.902015,TRUE,FALSE,FALSE,[481.902015],1,1
3542898,Red (Lutjanus bohar),Sloping Heads > Snappers (Lutjanidae) > Red (Lutjanus bohar),Sloping Heads,Lutjanidae,Lutjanus,Red (Lutjanus bohar),,,[482.0013875],[482.001388],482.001388,482.001388,482.001388,TRUE,FALSE,FALSE,[482.001388],1,1
3542899,Red (Lutjanus bohar),Sloping Heads > Snappers (Lutjanidae) > Red (Lutjanus bohar),Sloping Heads,Lutjanidae,Lutjanus,Red (Lutjanus bohar),,,[482.0013875],[482.001388],482.001388,482.001388,482.001388,TRUE,FALSE,FALSE,[482.001388],1,1
3542900,Genus Soldier (Myripristis),Reddish/Big Eyes > Soldier-&Squirrelfishes (Holocentridae) > Genus Soldier (Myripristis),Reddish/Big Eyes,Holocentridae,Genus Soldier,,,,[490.4302102],[490.430210],490.430210,490.430210,490.430210,TRUE,FALSE,FALSE,[490.430210],1,1
3542901,Genus Soldier (Myripristis),Reddish/Big Eyes > Soldier-&Squirrelfishes (Holocentridae) > Genus Soldier (Myripristis),Reddish/Big Eyes,Holocentridae,Genus Soldier,,,,[490.4302102],[490.430210],490.430210,490.430210,490.430210,TRUE,FALSE,FALSE,[490.430210],1,1
3542903,Bird wrasse (Gomphosus caeruleus),Wrasses > Wrasses (Labridae) > Bird wrasse (Gomphosus caeruleus),Wrasses,Labridae,Gomphosus,Bird wrasse (Gomphosus caeruleus),,,[505.3778631],[505.377863],505.377863,505.377863,505.377863,TRUE,FALSE,FALSE,[505.377863],1,1
3542904,Bird wrasse (Gomphosus caeruleus),Wrasses > Wrasses (Labridae) > Bird wrasse (Gomphosus caeruleus),Wrasses,Labridae,Gomphosus,Bird wrasse (Gomphosus caeruleus),,,[505.3778631],[505.377863],505.377863,505.377863,505.377863,TRUE,FALSE,FALSE,[505.377863],1,1
3542905,Five-saddle (Scarus saber),Parrotfishes > Parrotfishes (Scaridae) > Five-saddle (Scarus saber),Parrotfishes,Scaridae,Scarus,Five-saddle (Scarus saber),,,[520.7336857],[520.733686],520.733686,520.733686,520.733686,TRUE,FALSE,FALSE,[520.733686],1,1
3542908,Moorish Idol (Zanclus cornutus),Large Ovals > Moorish Idol (Zanclidae) > Moorish Idol (Zanclus cornutus),Large Ovals,Zanclidae,Zanclus,Moorish Idol (Zanclus cornutus),,,[563.8672406],[563.867241],563.867241,563.867241,563.867241,TRUE,FALSE,FALSE,[563.867241],1,1
3542912,Genus Soldier (Myripristis),Reddish/Big Eyes > Soldier-&Squirrelfishes (Holocentridae) > Genus Soldier (Myripristis),Reddish/Big Eyes,Holocentridae,Genus Soldier,,,,[621.133395],[621.133395],621.133395,621.133395,621.133395,TRUE,FALSE,FALSE,[621.133395],1,1
3542913,Genus Soldier (Myripristis),Reddish/Big Eyes > Soldier-&Squirrelfishes (Holocentridae) > Genus Soldier (Myripristis),Reddish/Big Eyes,Holocentridae,Genus Soldier,,,,[621.133395],[621.133395],621.133395,621.133395,621.133395,TRUE,FALSE,FALSE,[621.133395],1,1
3542914,Genus Soldier (Myripristis),Reddish/Big Eyes > Soldier-&Squirrelfishes (Holocentridae) > Genus Soldier (Myripristis),Reddish/Big Eyes,Holocentridae,Genus Soldier,,,,[621.133395],[621.133395],621.133395,621.133395,621.133395,TRUE,FALSE,FALSE,[621.133395],1,1
3542916,Mozambique Fangblenny (Meiacanthus mossambicus),Blennies > Blennies (Blenniidae) > Mozambique Fangblenny (Meiacanthus mossambicus),Blennies,Blenniidae,Meiacanthus,Mozambique Fangblenny (Meiacanthus mossambicus),,,[633.0934102],[633.093410],633.093410,633.093410,633.093410,TRUE,FALSE,FALSE,[633.093410],1,1
3542923,Paletail Unicorn (Naso brevirostris),Large Ovals > Surgeonfishes (Acanthuridae) > Paletail Unicorn (Naso brevirostris),Large Ovals,Acanthuridae,Naso,Paletail Unicorn (Naso brevirostris),,,[657.4619848],[657.461985],657.461985,657.461985,657.461985,TRUE,FALSE,FALSE,[657.461985],1,1
3542925,Linedcheeked (Oxycheilinus digramma),Wrasses > Wrasses (Labridae) > Linedcheeked (Oxycheilinus digramma),Wrasses,Labridae,Oxycheilinus,Linedcheeked (Oxycheilinus digramma),,,[661.2634425],[661.263442],661.263442,661.263442,661.263442,TRUE,FALSE,FALSE,[661.263442],1,1
3542927,Linedcheeked (Oxycheilinus digramma),Wrasses > Wrasses (Labridae) > Linedcheeked (Oxycheilinus digramma),Wrasses,Labridae,Oxycheilinus,Linedcheeked (Oxycheilinus digramma),,,[669.2904472],[669.290447],669.290447,669.290447,669.290447,TRUE,FALSE,FALSE,[669.290447],1,1
3542928,Linedcheeked (Oxycheilinus digramma),Wrasses > Wrasses (Labridae) > Linedcheeked (Oxycheilinus digramma),Wrasses,Labridae,Oxycheilinus,Linedcheeked (Oxycheilinus digramma),,,[669.2904472],[669.290447],669.290447,669.290447,669.290447,TRUE,FALSE,FALSE,[669.290447],1,1
3542929,Linedcheeked (Oxycheilinus digramma),Wrasses > Wrasses (Labridae) > Linedcheeked (Oxycheilinus digramma),Wrasses,Labridae,Oxycheilinus,Linedcheeked (Oxycheilinus digramma),,,[669.2904472],[669.290447],669.290447,669.290447,669.290447,TRUE,FALSE,FALSE,[669.290447],1,1
3542999,Golden (Ctenochaetus truncates),Large Ovals > Surgeonfishes (Acanthuridae) > Golden (Ctenochaetus truncates),Large Ovals,Acanthuridae,Ctenochaetus,Golden (Ctenochaetus truncates),,,[693.213057],[693.213057],693.213057,693.213057,693.213057,TRUE,FALSE,FALSE,[693.213057],1,1
3543000,Golden (Ctenochaetus truncates),Large Ovals > Surgeonfishes (Acanthuridae) > Golden (Ctenochaetus truncates),Large Ovals,Acanthuridae,Ctenochaetus,Golden (Ctenochaetus truncates),,,[693.213057],[693.213057],693.213057,693.213057,693.213057,TRUE,FALSE,FALSE,[693.213057],1,1
3543005,Wirenet (Cantherhines pardalis),Odd-shaped Swimmers > Filefishes (Monacanthidae) > Wirenet (Cantherhines pardalis),Odd-shaped Swimmers,Monacanthidae,Cantherhines,Wirenet (Cantherhines pardalis),,,[714.9922551],[714.992255],714.992255,714.992255,714.992255,TRUE,FALSE,FALSE,[714.992255],1,1
3543018,Genus Squirrel (Sargocentron),Reddish/Big Eyes > Soldier-&Squirrelfishes (Holocentridae) > Genus Squirrel (Sargocentron),Reddish/Big Eyes,Holocentridae,Genus Squirrel,,,,[752.1204639],[752.120464],752.120464,752.120464,752.120464,TRUE,FALSE,FALSE,[752.120464],1,1
3543019,Genus Squirrel (Sargocentron),Reddish/Big Eyes > Soldier-&Squirrelfishes (Holocentridae) > Genus Squirrel (Sargocentron),Reddish/Big Eyes,Holocentridae,Genus Squirrel,,,,[752.1204639],[752.120464],752.120464,752.120464,752.120464,TRUE,FALSE,FALSE,[752.120464],1,1
3543021,Genus Squirrel (Sargocentron),Reddish/Big Eyes > Soldier-&Squirrelfishes (Holocentridae) > Genus Squirrel (Sargocentron),Reddish/Big Eyes,Holocentridae,Genus Squirrel,,,,[752.1204639],[752.120464],752.120464,752.120464,752.120464,TRUE,FALSE,FALSE,[752.120464],1,1
3543028,Disappearing (Pseudocheilinus evanidus),Wrasses > Wrasses (Labridae) > Disappearing (Pseudocheilinus evanidus),Wrasses,Labridae,Pseudocheilinus,Disappearing (Pseudocheilinus evanidus),,,[835.5631261],[835.563126],835.563126,835.563126,835.563126,TRUE,FALSE,FALSE,[835.563126],1,1
3543032,Moorish Idol (Zanclus cornutus),Large Ovals > Moorish Idol (Zanclidae) > Moorish Idol (Zanclus cornutus),Large Ovals,Zanclidae,Zanclus,Moorish Idol (Zanclus cornutus),,,[899.5352083],[899.535208],899.535208,899.535208,899.535208,TRUE,FALSE,FALSE,[899.535208],1,1
3543033,Moorish Idol (Zanclus cornutus),Large Ovals > Moorish Idol (Zanclidae) > Moorish Idol (Zanclus cornutus),Large Ovals,Zanclidae,Zanclus,Moorish Idol (Zanclus cornutus),,,[899.5352083],[899.535208],899.535208,899.535208,899.535208,TRUE,FALSE,FALSE,[899.535208],1,1
3543034,Raccoon (Chaetodon lunula),Disk-shaped/Colourful > Butterflyfishes (Chaetodontidae) > Raccoon (Chaetodon lunula),Disk-shaped/Colourful,Chaetodontidae,Chaetodon,Raccoon (Chaetodon lunula),,,[923.3478759],[923.347876],923.347876,923.347876,923.347876,TRUE,FALSE,FALSE,[923.347876],1,1
3543035,Tubelip (Labrichthys unilineatus),Wrasses > Wrasses (Labridae) > Tubelip (Labrichthys unilineatus),Wrasses,Labridae,Labrichthys,Tubelip (Labrichthys unilineatus),,,[940.0706985],[940.070699],940.070699,940.070699,940.070699,TRUE,FALSE,FALSE,[940.070699],1,1
3543052,Saddleback (Chaetodon falcula),Disk-shaped/Colourful > Butterflyfishes (Chaetodontidae) > Saddleback (Chaetodon falcula),Disk-shaped/Colourful,Chaetodontidae,Chaetodon,Saddleback (Chaetodon falcula),,,[1113.0213962],[1113.021396],1113.021396,1113.021396,1113.021396,TRUE,FALSE,FALSE,[1113.021396],1,1
3543058,Freckled (Paracirrhites forsteri),Heavy Bodies/Large Lips > Hawkfishes (Cirrhitidae) > Freckled (Paracirrhites forsteri),Heavy Bodies/Large Lips,Cirrhitidae,Paracirrhites,Freckled (Paracirrhites forsteri),,,[1230.7507877],[1230.750788],1230.750788,1230.750788,1230.750788,TRUE,FALSE,FALSE,[1230.750788],1,1
3543064,Paletail Unicorn (Naso brevirostris),Large Ovals > Surgeonfishes (Acanthuridae) > Paletail Unicorn (Naso brevirostris),Large Ovals,Acanthuridae,Naso,Paletail Unicorn (Naso brevirostris),,,[1310.0283322],[1310.028332],1310.028332,1310.028332,1310.028332,TRUE,FALSE,FALSE,[1310.028332],1,1
3543065,Paletail Unicorn (Naso brevirostris),Large Ovals > Surgeonfishes (Acanthuridae) > Paletail Unicorn (Naso brevirostris),Large Ovals,Acanthuridae,Naso,Paletail Unicorn (Naso brevirostris),,,[1310.0283322],[1310.028332],1310.028332,1310.028332,1310.028332,TRUE,FALSE,FALSE,[1310.028332],1,1
3543073,Longnose (Forcipiger flavissimus),Disk-shaped/Colourful > Butterflyfishes (Chaetodontidae) > Longnose (Forcipiger flavissimus),Disk-shaped/Colourful,Chaetodontidae,Forcipiger,Longnose (Forcipiger flavissimus),,,[1485.9981537],[1485.998154],1485.998154,1485.998154,1485.998154,TRUE,FALSE,FALSE,[1485.998154],1,1
3543082,Fusiliers (Caesionidae),Slender Schoolers/Colourful > Fusiliers (Caesionidae),Slender Schoolers/Colourful,Caesionidae,,,,,[1632.0739583],[1632.073958],1632.073958,1632.073958,1632.073958,TRUE,FALSE,FALSE,[1632.073958],1,1
3543083,Fusiliers (Caesionidae),Slender Schoolers/Colourful > Fusiliers (Caesionidae),Slender Schoolers/Colourful,Caesionidae,,,,,[1632.0739583],[1632.073958],1632.073958,1632.073958,1632.073958,TRUE,FALSE,FALSE,[1632.073958],1,1
3543084,Fusiliers (Caesionidae),Slender Schoolers/Colourful > Fusiliers (Caesionidae),Slender Schoolers/Colourful,Caesionidae,,,,,[1632.0739583],[1632.073958],1632.073958,1632.073958,1632.073958,TRUE,FALSE,FALSE,[1632.073958],1,1
3543085,Fusiliers (Caesionidae),Slender Schoolers/Colourful > Fusiliers (Caesionidae),Slender Schoolers/Colourful,Caesionidae,,,,,[1632.0739583],[1632.073958],1632.073958,1632.073958,1632.073958,TRUE,FALSE,FALSE,[1632.073958],1,1
3543086,Fusiliers (Caesionidae),Slender Schoolers/Colourful > Fusiliers (Caesionidae),Slender Schoolers/Colourful,Caesionidae,,,,,[1632.0739583],[1632.073958],1632.073958,1632.073958,1632.073958,TRUE,FALSE,FALSE,[1632.073958],1,1
3543087,Fusiliers (Caesionidae),Slender Schoolers/Colourful > Fusiliers (Caesionidae),Slender Schoolers/Colourful,Caesionidae,,,,,[1632.0739583],[1632.073958],1632.073958,1632.073958,1632.073958,TRUE,FALSE,FALSE,[1632.073958],1,1
3543088,Fusiliers (Caesionidae),Slender Schoolers/Colourful > Fusiliers (Caesionidae),Slender Schoolers/Colourful,Caesionidae,,,,,[1632.0739583],[1632.073958],1632.073958,1632.073958,1632.073958,TRUE,FALSE,FALSE,[1632.073958],1,1
3543089,Fusiliers (Caesionidae),Slender Schoolers/Colourful > Fusiliers (Caesionidae),Slender Schoolers/Colourful,Caesionidae,,,,,[1632.0739583],[1632.073958],1632.073958,1632.073958,1632.073958,TRUE,FALSE,FALSE,[1632.073958],1,1
3543090,Fusiliers (Caesionidae),Slender Schoolers/Colourful > Fusiliers (Caesionidae),Slender Schoolers/Colourful,Caesionidae,,,,,[1632.0739583],[1632.073958],1632.073958,1632.073958,1632.073958,TRUE,FALSE,FALSE,[1632.073958],1,1
3543091,Fusiliers (Caesionidae),Slender Schoolers/Colourful > Fusiliers (Caesionidae),Slender Schoolers/Colourful,Caesionidae,,,,,[1632.0739583],[1632.073958],1632.073958,1632.073958,1632.073958,TRUE,FALSE,FALSE,[1632.073958],1,1
3543092,Fusiliers (Caesionidae),Slender Schoolers/Colourful > Fusiliers (Caesionidae),Slender Schoolers/Colourful,Caesionidae,,,,,[1632.0739583],[1632.073958],1632.073958,1632.073958,1632.073958,TRUE,FALSE,FALSE,[1632.073958],1,1
3543093,Fusiliers (Caesionidae),Slender Schoolers/Colourful > Fusiliers (Caesionidae),Slender Schoolers/Colourful,Caesionidae,,,,,[1632.0739583],[1632.073958],1632.073958,1632.073958,1632.073958,TRUE,FALSE,FALSE,[1632.073958],1,1
3543094,Fusiliers (Caesionidae),Slender Schoolers/Colourful > Fusiliers (Caesionidae),Slender Schoolers/Colourful,Caesionidae,,,,,[1632.0739583],[1632.073958],1632.073958,1632.073958,1632.073958,TRUE,FALSE,FALSE,[1632.073958],1,1
3543095,Fusiliers (Caesionidae),Slender Schoolers/Colourful > Fusiliers (Caesionidae),Slender Schoolers/Colourful,Caesionidae,,,,,[1632.0739583],[1632.073958],1632.073958,1632.073958,1632.073958,TRUE,FALSE,FALSE,[1632.073958],1,1
3543096,Fusiliers (Caesionidae),Slender Schoolers/Colourful > Fusiliers (Caesionidae),Slender Schoolers/Colourful,Caesionidae,,,,,[1632.0739583],[1632.073958],1632.073958,1632.073958,1632.073958,TRUE,FALSE,FALSE,[1632.073958],1,1
3543097,Fusiliers (Caesionidae),Slender Schoolers/Colourful > Fusiliers (Caesionidae),Slender Schoolers/Colourful,Caesionidae,,,,,[1632.0739583],[1632.073958],1632.073958,1632.073958,1632.073958,TRUE,FALSE,FALSE,[1632.073958],1,1
3543098,Fusiliers (Caesionidae),Slender Schoolers/Colourful > Fusiliers (Caesionidae),Slender Schoolers/Colourful,Caesionidae,,,,,[1632.0739583],[1632.073958],1632.073958,1632.073958,1632.073958,TRUE,FALSE,FALSE,[1632.073958],1,1
3543099,Fusiliers (Caesionidae),Slender Schoolers/Colourful > Fusiliers (Caesionidae),Slender Schoolers/Colourful,Caesionidae,,,,,[1632.0739583],[1632.073958],1632.073958,1632.073958,1632.073958,TRUE,FALSE,FALSE,[1632.073958],1,1
3543100,Fusiliers (Caesionidae),Slender Schoolers/Colourful > Fusiliers (Caesionidae),Slender Schoolers/Colourful,Caesionidae,,,,,[1632.0739583],[1632.073958],1632.073958,1632.073958,1632.073958,TRUE,FALSE,FALSE,[1632.073958],1,1
3543101,Fusiliers (Caesionidae),Slender Schoolers/Colourful > Fusiliers (Caesionidae),Slender Schoolers/Colourful,Caesionidae,,,,,[1632.0739583],[1632.073958],1632.073958,1632.073958,1632.073958,TRUE,FALSE,FALSE,[1632.073958],1,1
3543102,Fusiliers (Caesionidae),Slender Schoolers/Colourful > Fusiliers (Caesionidae),Slender Schoolers/Colourful,Caesionidae,,,,,[1632.0739583],[1632.073958],1632.073958,1632.073958,1632.073958,TRUE,FALSE,FALSE,[1632.073958],1,1
3543103,Fusiliers (Caesionidae),Slender Schoolers/Colourful > Fusiliers (Caesionidae),Slender Schoolers/Colourful,Caesionidae,,,,,[1632.0739583],[1632.073958],1632.073958,1632.073958,1632.073958,TRUE,FALSE,FALSE,[1632.073958],1,1
3543104,Fusiliers (Caesionidae),Slender Schoolers/Colourful > Fusiliers (Caesionidae),Slender Schoolers/Colourful,Caesionidae,,,,,[1632.0739583],[1632.073958],1632.073958,1632.073958,1632.073958,TRUE,FALSE,FALSE,[1632.073958],1,1
3543105,Fusiliers (Caesionidae),Slender Schoolers/Colourful > Fusiliers (Caesionidae),Slender Schoolers/Colourful,Caesionidae,,,,,[1632.0739583],[1632.073958],1632.073958,1632.073958,1632.073958,TRUE,FALSE,FALSE,[1632.073958],1,1
3543106,Fusiliers (Caesionidae),Slender Schoolers/Colourful > Fusiliers (Caesionidae),Slender Schoolers/Colourful,Caesionidae,,,,,[1632.0739583],[1632.073958],1632.073958,1632.073958,1632.073958,TRUE,FALSE,FALSE,[1632.073958],1,1
3543107,Fusiliers (Caesionidae),Slender Schoolers/Colourful > Fusiliers (Caesionidae),Slender Schoolers/Colourful,Caesionidae,,,,,[1632.0739583],[1632.073958],1632.073958,1632.073958,1632.073958,TRUE,FALSE,FALSE,[1632.073958],1,1
3543108,Fusiliers (Caesionidae),Slender Schoolers/Colourful > Fusiliers (Caesionidae),Slender Schoolers/Colourful,Caesionidae,,,,,[1632.0739583],[1632.073958],1632.073958,1632.073958,1632.073958,TRUE,FALSE,FALSE,[1632.073958],1,1
3543109,Fusiliers (Caesionidae),Slender Schoolers/Colourful > Fusiliers (Caesionidae),Slender Schoolers/Colourful,Caesionidae,,,,,[1632.0739583],[1632.073958],1632.073958,1632.073958,1632.073958,TRUE,FALSE,FALSE,[1632.073958],1,1
3543110,Whitetail (Acanthurus thompsoni),Large Ovals > Surgeonfishes (Acanthuridae) > Whitetail (Acanthurus thompsoni),Large Ovals,Acanthuridae,Acanthurus,Whitetail (Acanthurus thompsoni),,,[1641.1748096],[1641.174810],1641.174810,1641.174810,1641.174810,TRUE,FALSE,FALSE,[1641.174810],1,1
3543114,Checkerboard (Halichoeres hortulanus),Wrasses > Wrasses (Labridae) > Checkerboard (Halichoeres hortulanus),Wrasses,Labridae,Halichoeres,Checkerboard (Halichoeres hortulanus),,,[1816.0956479],[1816.095648],1816.095648,1816.095648,1816.095648,TRUE,FALSE,FALSE,[1816.095648],1,1
3543213,Genus Squirrel (Sargocentron),Reddish/Big Eyes > Soldier-&Squirrelfishes (Holocentridae) > Genus Squirrel (Sargocentron),Reddish/Big Eyes,Holocentridae,Genus Squirrel,,,,[1874.8635587],[1874.863559],1874.863559,1874.863559,1874.863559,TRUE,FALSE,FALSE,[1874.863559],1,1
3543214,Genus Squirrel (Sargocentron),Reddish/Big Eyes > Soldier-&Squirrelfishes (Holocentridae) > Genus Squirrel (Sargocentron),Reddish/Big Eyes,Holocentridae,Genus Squirrel,,,,[1874.8635587],[1874.863559],1874.863559,1874.863559,1874.863559,TRUE,FALSE,FALSE,[1874.863559],1,1
3543215,Genus Squirrel (Sargocentron),Reddish/Big Eyes > Soldier-&Squirrelfishes (Holocentridae) > Genus Squirrel (Sargocentron),Reddish/Big Eyes,Holocentridae,Genus Squirrel,,,,[1874.8635587],[1874.863559],1874.863559,1874.863559,1874.863559,TRUE,FALSE,FALSE,[1874.863559],1,1
3543216,Genus Squirrel (Sargocentron),Reddish/Big Eyes > Soldier-&Squirrelfishes (Holocentridae) > Genus Squirrel (Sargocentron),Reddish/Big Eyes,Holocentridae,Genus Squirrel,,,,[1874.8635587],[1874.863559],1874.863559,1874.863559,1874.863559,TRUE,FALSE,FALSE,[1874.863559],1,1
3543217,Genus Squirrel (Sargocentron),Reddish/Big Eyes > Soldier-&Squirrelfishes (Holocentridae) > Genus Squirrel (Sargocentron),Reddish/Big Eyes,Holocentridae,Genus Squirrel,,,,[1874.8635587],[1874.863559],1874.863559,1874.863559,1874.863559,TRUE,FALSE,FALSE,[1874.863559],1,1
3543219,Blackeye (Hemigymnus melapterus),Wrasses > Wrasses (Labridae) > Blackeye (Hemigymnus melapterus),Wrasses,Labridae,Hemigymnus,Blackeye (Hemigymnus melapterus),,,[1910.9453132],[1910.945313],1910.945313,1910.945313,1910.945313,TRUE,FALSE,FALSE,[1910.945313],1,1
3543221,Parrotfishes (Scaridae),Parrotfishes > Parrotfishes (Scaridae),Parrotfishes,Scaridae,,,,,[1956.5385057],[1956.538506],1956.538506,1956.538506,1956.538506,TRUE,FALSE,FALSE,[1956.538506],1,1
3543222,Parrotfishes (Scaridae),Parrotfishes > Parrotfishes (Scaridae),Parrotfishes,Scaridae,,,,,[1956.5385057],[1956.538506],1956.538506,1956.538506,1956.538506,TRUE,FALSE,FALSE,[1956.538506],1,1
3543223,Parrotfishes (Scaridae),Parrotfishes > Parrotfishes (Scaridae),Parrotfishes,Scaridae,,,,,[1956.5385057],[1956.538506],1956.538506,1956.538506,1956.538506,TRUE,FALSE,FALSE,[1956.538506],1,1
3543224,Parrotfishes (Scaridae),Parrotfishes > Parrotfishes (Scaridae),Parrotfishes,Scaridae,,,,,[1956.5385057],[1956.538506],1956.538506,1956.538506,1956.538506,TRUE,FALSE,FALSE,[1956.538506],1,1
3543231,Bullethead (Chlorurus sordidus),Parrotfishes > Parrotfishes (Scaridae) > Bullethead (Chlorurus sordidus),Parrotfishes,Scaridae,Chlorurus,Bullethead (Chlorurus sordidus),,,[2122.1543749],[2122.154375],2122.154375,2122.154375,2122.154375,TRUE,FALSE,FALSE,[2122.154375],1,1
3543232,Bullethead (Chlorurus sordidus),Parrotfishes > Parrotfishes (Scaridae) > Bullethead (Chlorurus sordidus),Parrotfishes,Scaridae,Chlorurus,Bullethead (Chlorurus sordidus),,,[2122.1543749],[2122.154375],2122.154375,2122.154375,2122.154375,TRUE,FALSE,FALSE,[2122.154375],1,1
3543233,Bullethead (Chlorurus sordidus),Parrotfishes > Parrotfishes (Scaridae) > Bullethead (Chlorurus sordidus),Parrotfishes,Scaridae,Chlorurus,Bullethead (Chlorurus sordidus),,,[2122.1543749],[2122.154375],2122.154375,2122.154375,2122.154375,TRUE,FALSE,FALSE,[2122.154375],1,1
3543235,Parrotfishes (Scaridae),Parrotfishes > Parrotfishes (Scaridae),Parrotfishes,Scaridae,,,,,[2120.6686699],[2120.668670],2120.668670,2120.668670,2120.668670,TRUE,FALSE,FALSE,[2120.668670],1,1
3543236,Parrotfishes (Scaridae),Parrotfishes > Parrotfishes (Scaridae),Parrotfishes,Scaridae,,,,,[2120.6686699],[2120.668670],2120.668670,2120.668670,2120.668670,TRUE,FALSE,FALSE,[2120.668670],1,1
3543237,Parrotfishes (Scaridae),Parrotfishes > Parrotfishes (Scaridae),Parrotfishes,Scaridae,,,,,[2120.6686699],[2120.668670],2120.668670,2120.668670,2120.668670,TRUE,FALSE,FALSE,[2120.668670],1,1
3543238,Parrotfishes (Scaridae),Parrotfishes > Parrotfishes (Scaridae),Parrotfishes,Scaridae,,,,,[2120.6686699],[2120.668670],2120.668670,2120.668670,2120.668670,TRUE,FALSE,FALSE,[2120.668670],1,1
3543239,Parrotfishes (Scaridae),Parrotfishes > Parrotfishes (Scaridae),Parrotfishes,Scaridae,,,,,[2120.6686699],[2120.668670],2120.668670,2120.668670,2120.668670,TRUE,FALSE,FALSE,[2120.668670],1,1
3543240,Parrotfishes (Scaridae),Parrotfishes > Parrotfishes (Scaridae),Parrotfishes,Scaridae,,,,,[2120.6686699],[2120.668670],2120.668670,2120.668670,2120.668670,TRUE,FALSE,FALSE,[2120.668670],1,1
3543246,Threadfin (Chaetodon auriga),Disk-shaped/Colourful > Butterflyfishes (Chaetodontidae) > Threadfin (Chaetodon auriga),Disk-shaped/Colourful,Chaetodontidae,Chaetodon,Threadfin (Chaetodon auriga),,,[2160.5390096],[2160.539010],2160.539010,2160.539010,2160.539010,TRUE,FALSE,FALSE,[2160.539010],1,1
3543248,Black-lipped (Chaetodon kleinii),Disk-shaped/Colourful > Butterflyfishes (Chaetodontidae) > Black-lipped (Chaetodon kleinii),Disk-shaped/Colourful,Chaetodontidae,Chaetodon,Black-lipped (Chaetodon kleinii),,,[2168.6574317],[2168.657432],2168.657432,2168.657432,2168.657432,TRUE,FALSE,FALSE,[2168.657432],1,1
3543250,Black-lipped (Chaetodon kleinii),Disk-shaped/Colourful > Butterflyfishes (Chaetodontidae) > Black-lipped (Chaetodon kleinii),Disk-shaped/Colourful,Chaetodontidae,Chaetodon,Black-lipped (Chaetodon kleinii),,,[2192.8351341],[2192.835134],2192.835134,2192.835134,2192.835134,TRUE,FALSE,FALSE,[2192.835134],1,1
3543251,Black-lipped (Chaetodon kleinii),Disk-shaped/Colourful > Butterflyfishes (Chaetodontidae) > Black-lipped (Chaetodon kleinii),Disk-shaped/Colourful,Chaetodontidae,Chaetodon,Black-lipped (Chaetodon kleinii),,,[2192.8351341],[2192.835134],2192.835134,2192.835134,2192.835134,TRUE,FALSE,FALSE,[2192.835134],1,1
3543253,Parrotfishes (Scaridae),Parrotfishes > Parrotfishes (Scaridae),Parrotfishes,Scaridae,,,,,[2208.7250529],[2208.725053],2208.725053,2208.725053,2208.725053,TRUE,FALSE,FALSE,[2208.725053],1,1
3543254,Parrotfishes (Scaridae),Parrotfishes > Parrotfishes (Scaridae),Parrotfishes,Scaridae,,,,,[2208.7250529],[2208.725053],2208.725053,2208.725053,2208.725053,TRUE,FALSE,FALSE,[2208.725053],1,1
3543255,Parrotfishes (Scaridae),Parrotfishes > Parrotfishes (Scaridae),Parrotfishes,Scaridae,,,,,[2208.7250529],[2208.725053],2208.725053,2208.725053,2208.725053,TRUE,FALSE,FALSE,[2208.725053],1,1
3543256,Parrotfishes (Scaridae),Parrotfishes > Parrotfishes (Scaridae),Parrotfishes,Scaridae,,,,,[2208.7250529],[2208.725053],2208.725053,2208.725053,2208.725053,TRUE,FALSE,FALSE,[2208.725053],1,1
3543257,Parrotfishes (Scaridae),Parrotfishes > Parrotfishes (Scaridae),Parrotfishes,Scaridae,,,,,[2208.7250529],[2208.725053],2208.725053,2208.725053,2208.725053,TRUE,FALSE,FALSE,[2208.725053],1,1
3543258,Parrotfishes (Scaridae),Parrotfishes > Parrotfishes (Scaridae),Parrotfishes,Scaridae,,,,,[2208.7250529],[2208.725053],2208.725053,2208.725053,2208.725053,TRUE,FALSE,FALSE,[2208.725053],1,1
3543259,Parrotfishes (Scaridae),Parrotfishes > Parrotfishes (Scaridae),Parrotfishes,Scaridae,,,,,[2208.7250529],[2208.725053],2208.725053,2208.725053,2208.725053,TRUE,FALSE,FALSE,[2208.725053],1,1
3543260,Parrotfishes (Scaridae),Parrotfishes > Parrotfishes (Scaridae),Parrotfishes,Scaridae,,,,,[2208.7250529],[2208.725053],2208.725053,2208.725053,2208.725053,TRUE,FALSE,FALSE,[2208.725053],1,1
3543261,Parrotfishes (Scaridae),Parrotfishes > Parrotfishes (Scaridae),Parrotfishes,Scaridae,,,,,[2208.7250529],[2208.725053],2208.725053,2208.725053,2208.725053,TRUE,FALSE,FALSE,[2208.725053],1,1
3543262,Regal (Pygoplites diacanthus),Disk-shaped/Colourful > Angelfishes (Pomacanthidae) > Regal (Pygoplites diacanthus),Disk-shaped/Colourful,Pomacanthidae,Pygoplites,Regal (Pygoplites diacanthus),,,[2305.6073919],[2305.607392],2305.607392,2305.607392,2305.607392,TRUE,FALSE,FALSE,[2305.607392],1,1
3543263,Regal (Pygoplites diacanthus),Disk-shaped/Colourful > Angelfishes (Pomacanthidae) > Regal (Pygoplites diacanthus),Disk-shaped/Colourful,Pomacanthidae,Pygoplites,Regal (Pygoplites diacanthus),,,[2305.6073919],[2305.607392],2305.607392,2305.607392,2305.607392,TRUE,FALSE,FALSE,[2305.607392],1,1
3543264,Blue-streak (Labroides dimidiatus),Wrasses > Wrasses (Labridae) > Blue-streak (Labroides dimidiatus),Wrasses,Labridae,Labroides,Blue-streak (Labroides dimidiatus),,,[2322.3708934],[2322.370893],2322.370893,2322.370893,2322.370893,TRUE,FALSE,FALSE,[2322.370893],1,1
3543266,Longbarbel (Parupeneus macronemus),Odd-shaped Swimmers > Goatfishes (Mullidae) > Longbarbel (Parupeneus macronemus),Odd-shaped Swimmers,Mullidae,Parupeneus,Longbarbel (Parupeneus macronemus),,,[2351.1661568],[2351.166157],2351.166157,2351.166157,2351.166157,TRUE,FALSE,FALSE,[2351.166157],1,1
3543267,Longbarbel (Parupeneus macronemus),Odd-shaped Swimmers > Goatfishes (Mullidae) > Longbarbel (Parupeneus macronemus),Odd-shaped Swimmers,Mullidae,Parupeneus,Longbarbel (Parupeneus macronemus),,,[2351.1661568],[2351.166157],2351.166157,2351.166157,2351.166157,TRUE,FALSE,FALSE,[2351.166157],1,1
3543268,Longbarbel (Parupeneus macronemus),Odd-shaped Swimmers > Goatfishes (Mullidae) > Longbarbel (Parupeneus macronemus),Odd-shaped Swimmers,Mullidae,Parupeneus,Longbarbel (Parupeneus macronemus),,,[2351.1661568],[2351.166157],2351.166157,2351.166157,2351.166157,TRUE,FALSE,FALSE,[2351.166157],1,1
3543270,Longbarbel (Parupeneus macronemus),Odd-shaped Swimmers > Goatfishes (Mullidae) > Longbarbel (Parupeneus macronemus),Odd-shaped Swimmers,Mullidae,Parupeneus,Longbarbel (Parupeneus macronemus),,,[2363.1859652],[2363.185965],2363.185965,2363.185965,2363.185965,TRUE,FALSE,FALSE,[2363.185965],1,1
3543271,Longbarbel (Parupeneus macronemus),Odd-shaped Swimmers > Goatfishes (Mullidae) > Longbarbel (Parupeneus macronemus),Odd-shaped Swimmers,Mullidae,Parupeneus,Longbarbel (Parupeneus macronemus),,,[2363.1859652],[2363.185965],2363.185965,2363.185965,2363.185965,TRUE,FALSE,FALSE,[2363.185965],1,1
3543272,Longbarbel (Parupeneus macronemus),Odd-shaped Swimmers > Goatfishes (Mullidae) > Longbarbel (Parupeneus macronemus),Odd-shaped Swimmers,Mullidae,Parupeneus,Longbarbel (Parupeneus macronemus),,,[2363.1859652],[2363.185965],2363.185965,2363.185965,2363.185965,TRUE,FALSE,FALSE,[2363.185965],1,1
3543273,Longbarbel (Parupeneus macronemus),Odd-shaped Swimmers > Goatfishes (Mullidae) > Longbarbel (Parupeneus macronemus),Odd-shaped Swimmers,Mullidae,Parupeneus,Longbarbel (Parupeneus macronemus),,,[2363.1859652],[2363.185965],2363.185965,2363.185965,2363.185965,TRUE,FALSE,FALSE,[2363.185965],1,1
3543275,Red-breasted (Cheilinus fasciatus),Wrasses > Wrasses (Labridae) > Red-breasted (Cheilinus fasciatus),Wrasses,Labridae,Cheilinus,Red-breasted (Cheilinus fasciatus),,,[2400.2217042],[2400.221704],2400.221704,2400.221704,2400.221704,TRUE,FALSE,FALSE,[2400.221704],1,1
3543276,Genus Chromis,Small Ovals - Damselfishes > Damselfishes (Pomacentridae) > Genus Chromis,Small Ovals - Damselfishes,Pomacentridae,Genus Chromis,,,,[2405.8341023],[2405.834102],2405.834102,2405.834102,2405.834102,TRUE,FALSE,FALSE,[2405.834102],1,1
3543277,Genus Chromis,Small Ovals - Damselfishes > Damselfishes (Pomacentridae) > Genus Chromis,Small Ovals - Damselfishes,Pomacentridae,Genus Chromis,,,,[2410.2813644],[2410.281364],2410.281364,2410.281364,2410.281364,TRUE,FALSE,FALSE,[2410.281364],1,1
3543278,Genus Chromis,Small Ovals - Damselfishes > Damselfishes (Pomacentridae) > Genus Chromis,Small Ovals - Damselfishes,Pomacentridae,Genus Chromis,,,,[2410.2813644],[2410.281364],2410.281364,2410.281364,2410.281364,TRUE,FALSE,FALSE,[2410.281364],1,1
3543279,Genus Chromis,Small Ovals - Damselfishes > Damselfishes (Pomacentridae) > Genus Chromis,Small Ovals - Damselfishes,Pomacentridae,Genus Chromis,,,,[2410.2813644],[2410.281364],2410.281364,2410.281364,2410.281364,TRUE,FALSE,FALSE,[2410.281364],1,1
3543280,Genus Chromis,Small Ovals - Damselfishes > Damselfishes (Pomacentridae) > Genus Chromis,Small Ovals - Damselfishes,Pomacentridae,Genus Chromis,,,,[2410.2813644],[2410.281364],2410.281364,2410.281364,2410.281364,TRUE,FALSE,FALSE,[2410.281364],1,1
3543281,Genus Chromis,Small Ovals - Damselfishes > Damselfishes (Pomacentridae) > Genus Chromis,Small Ovals - Damselfishes,Pomacentridae,Genus Chromis,,,,[2410.2813644],[2410.281364],2410.281364,2410.281364,2410.281364,TRUE,FALSE,FALSE,[2410.281364],1,1
3543282,Genus Chromis,Small Ovals - Damselfishes > Damselfishes (Pomacentridae) > Genus Chromis,Small Ovals - Damselfishes,Pomacentridae,Genus Chromis,,,,[2410.2813644],[2410.281364],2410.281364,2410.281364,2410.281364,TRUE,FALSE,FALSE,[2410.281364],1,1
3543283,Genus Chromis,Small Ovals - Damselfishes > Damselfishes (Pomacentridae) > Genus Chromis,Small Ovals - Damselfishes,Pomacentridae,Genus Chromis,,,,[2410.2813644],[2410.281364],2410.281364,2410.281364,2410.281364,TRUE,FALSE,FALSE,[2410.281364],1,1
3543285,Bird wrasse (Gomphosus caeruleus),Wrasses > Wrasses (Labridae) > Bird wrasse (Gomphosus caeruleus),Wrasses,Labridae,Gomphosus,Bird wrasse (Gomphosus caeruleus),,,[2475.4349584],[2475.434958],2475.434958,2475.434958,2475.434958,TRUE,FALSE,FALSE,[2475.434958],1,1
3543286,Bird wrasse (Gomphosus caeruleus),Wrasses > Wrasses (Labridae) > Bird wrasse (Gomphosus caeruleus),Wrasses,Labridae,Gomphosus,Bird wrasse (Gomphosus caeruleus),,,[2475.4349584],[2475.434958],2475.434958,2475.434958,2475.434958,TRUE,FALSE,FALSE,[2475.434958],1,1
3543287,Bird wrasse (Gomphosus caeruleus),Wrasses > Wrasses (Labridae) > Bird wrasse (Gomphosus caeruleus),Wrasses,Labridae,Gomphosus,Bird wrasse (Gomphosus caeruleus),,,[2475.4349584],[2475.434958],2475.434958,2475.434958,2475.434958,TRUE,FALSE,FALSE,[2475.434958],1,1
3543290,Parrotfishes (Scaridae),Parrotfishes > Parrotfishes (Scaridae),Parrotfishes,Scaridae,,,,,[2510.5168081],[2510.516808],2510.516808,2510.516808,2510.516808,TRUE,FALSE,FALSE,[2510.516808],1,1
3543291,Parrotfishes (Scaridae),Parrotfishes > Parrotfishes (Scaridae),Parrotfishes,Scaridae,,,,,[2510.5168081],[2510.516808],2510.516808,2510.516808,2510.516808,TRUE,FALSE,FALSE,[2510.516808],1,1
3543292,Parrotfishes (Scaridae),Parrotfishes > Parrotfishes (Scaridae),Parrotfishes,Scaridae,,,,,[2510.5168081],[2510.516808],2510.516808,2510.516808,2510.516808,TRUE,FALSE,FALSE,[2510.516808],1,1
3543293,Parrotfishes (Scaridae),Parrotfishes > Parrotfishes (Scaridae),Parrotfishes,Scaridae,,,,,[2510.5168081],[2510.516808],2510.516808,2510.516808,2510.516808,TRUE,FALSE,FALSE,[2510.516808],1,1
3543294,Parrotfishes (Scaridae),Parrotfishes > Parrotfishes (Scaridae),Parrotfishes,Scaridae,,,,,[2510.5168081],[2510.516808],2510.516808,2510.516808,2510.516808,TRUE,FALSE,FALSE,[2510.516808],1,1
3543295,Parrotfishes (Scaridae),Parrotfishes > Parrotfishes (Scaridae),Parrotfishes,Scaridae,,,,,[2510.5168081],[2510.516808],2510.516808,2510.516808,2510.516808,TRUE,FALSE,FALSE,[2510.516808],1,1
3543296,Parrotfishes (Scaridae),Parrotfishes > Parrotfishes (Scaridae),Parrotfishes,Scaridae,,,,,[2510.5168081],[2510.516808],2510.516808,2510.516808,2510.516808,TRUE,FALSE,FALSE,[2510.516808],1,1
3543297,Parrotfishes (Scaridae),Parrotfishes > Parrotfishes (Scaridae),Parrotfishes,Scaridae,,,,,[2510.5168081],[2510.516808],2510.516808,2510.516808,2510.516808,TRUE,FALSE,FALSE,[2510.516808],1,1
3543298,Parrotfishes (Scaridae),Parrotfishes > Parrotfishes (Scaridae),Parrotfishes,Scaridae,,,,,[2510.5168081],[2510.516808],2510.516808,2510.516808,2510.516808,TRUE,FALSE,FALSE,[2510.516808],1,1
3543299,Parrotfishes (Scaridae),Parrotfishes > Parrotfishes (Scaridae),Parrotfishes,Scaridae,,,,,[2510.5168081],[2510.516808],2510.516808,2510.516808,2510.516808,TRUE,FALSE,FALSE,[2510.516808],1,1
3543300,Parrotfishes (Scaridae),Parrotfishes > Parrotfishes (Scaridae),Parrotfishes,Scaridae,,,,,[2510.5168081],[2510.516808],2510.516808,2510.516808,2510.516808,TRUE,FALSE,FALSE,[2510.516808],1,1
3543301,Parrotfishes (Scaridae),Parrotfishes > Parrotfishes (Scaridae),Parrotfishes,Scaridae,,,,,[2510.5168081],[2510.516808],2510.516808,2510.516808,2510.516808,TRUE,FALSE,FALSE,[2510.516808],1,1
3543302,Parrotfishes (Scaridae),Parrotfishes > Parrotfishes (Scaridae),Parrotfishes,Scaridae,,,,,[2510.5168081],[2510.516808],2510.516808,2510.516808,2510.516808,TRUE,FALSE,FALSE,[2510.516808],1,1
3543303,Parrotfishes (Scaridae),Parrotfishes > Parrotfishes (Scaridae),Parrotfishes,Scaridae,,,,,[2510.5168081],[2510.516808],2510.516808,2510.516808,2510.516808,TRUE,FALSE,FALSE,[2510.516808],1,1
3543304,Parrotfishes (Scaridae),Parrotfishes > Parrotfishes (Scaridae),Parrotfishes,Scaridae,,,,,[2510.5168081],[2510.516808],2510.516808,2510.516808,2510.516808,TRUE,FALSE,FALSE,[2510.516808],1,1
3543312,Sidespot (Parupeneus pleurostigma),Odd-shaped Swimmers > Goatfishes (Mullidae) > Sidespot (Parupeneus pleurostigma),Odd-shaped Swimmers,Mullidae,Parupeneus,Sidespot (Parupeneus pleurostigma),,,[2660.0141689],[2660.014169],2660.014169,2660.014169,2660.014169,TRUE,FALSE,FALSE,[2660.014169],1,1
3543322,Halfmoon (Sufflamen chrysopterum),Odd-shaped Swimmers > Triggerfishes (Balistidae) > Halfmoon (Sufflamen chrysopterum),Odd-shaped Swimmers,Balistidae,Sufflamen,Halfmoon (Sufflamen chrysopterum),,,[2890.9468592],[2890.946859],2890.946859,2890.946859,2890.946859,FALSE,FALSE,FALSE,[],1,0
3543324,Groupers (Serranidae),Heavy Bodies/Large Lips > Groupers (Serranidae),Heavy Bodies/Large Lips,Serranidae,,,,,[2919.8003124],[2919.800312],2919.800312,2919.800312,2919.800312,FALSE,FALSE,FALSE,[],1,0
3543325,Groupers (Serranidae),Heavy Bodies/Large Lips > Groupers (Serranidae),Heavy Bodies/Large Lips,Serranidae,,,,,[2919.8003124],[2919.800312],2919.800312,2919.800312,2919.800312,FALSE,FALSE,FALSE,[],1,0
3543328,Scorpion-&Lionfishes (Scorpaenidae),Odd-shaped Bottom Dwellers > Scorpion-&Lionfishes (Scorpaenidae),Odd-shaped Bottom Dwellers,Scorpaenidae,,,,,[2970.8769238],[2970.876924],2970.876924,2970.876924,2970.876924,FALSE,FALSE,FALSE,[],1,0
3543329,Sulfur (Pomacentrus sulfureus),Small Ovals - Damselfishes > Damselfishes (Pomacentridae) > Sulfur (Pomacentrus sulfureus),Small Ovals - Damselfishes,Pomacentridae,Pomacentrus,Sulfur (Pomacentrus sulfureus),,,[2980.1148401],[2980.114840],2980.114840,2980.114840,2980.114840,FALSE,FALSE,FALSE,[],1,0
3543337,Black Saddled Toby (Canthigaster valentini),Odd-shaped Swimmers > Puffers (Tetraodontidae) > Black Saddled Toby (Canthigaster valentini),Odd-shaped Swimmers,Tetraodontidae,Canthigaster,Black Saddled Toby (Canthigaster valentini),,,[3160.8931873],[3160.893187],3160.893187,3160.893187,3160.893187,FALSE,FALSE,FALSE,[],1,0
3543340,Paletail Unicorn (Naso brevirostris),Large Ovals > Surgeonfishes (Acanthuridae) > Paletail Unicorn (Naso brevirostris),Large Ovals,Acanthuridae,Naso,Paletail Unicorn (Naso brevirostris),,,[3197.6148316],[3197.614832],3197.614832,3197.614832,3197.614832,FALSE,FALSE,FALSE,[],1,0
3543341,Paletail Unicorn (Naso brevirostris),Large Ovals > Surgeonfishes (Acanthuridae) > Paletail Unicorn (Naso brevirostris),Large Ovals,Acanthuridae,Naso,Paletail Unicorn (Naso brevirostris),,,[3197.6148316],[3197.614832],3197.614832,3197.614832,3197.614832,FALSE,FALSE,FALSE,[],1,0
3543342,Paletail Unicorn (Naso brevirostris),Large Ovals > Surgeonfishes (Acanthuridae) > Paletail Unicorn (Naso brevirostris),Large Ovals,Acanthuridae,Naso,Paletail Unicorn (Naso brevirostris),,,[3197.6148316],[3197.614832],3197.614832,3197.614832,3197.614832,FALSE,FALSE,FALSE,[],1,0
3543343,Raccoon (Chaetodon lunula),Disk-shaped/Colourful > Butterflyfishes (Chaetodontidae) > Raccoon (Chaetodon lunula),Disk-shaped/Colourful,Chaetodontidae,Chaetodon,Raccoon (Chaetodon lunula),,,[3195.010672],[3195.010672],3195.010672,3195.010672,3195.010672,FALSE,FALSE,FALSE,[],1,0
3543344,Raccoon (Chaetodon lunula),Disk-shaped/Colourful > Butterflyfishes (Chaetodontidae) > Raccoon (Chaetodon lunula),Disk-shaped/Colourful,Chaetodontidae,Chaetodon,Raccoon (Chaetodon lunula),,,[3195.010672],[3195.010672],3195.010672,3195.010672,3195.010672,FALSE,FALSE,FALSE,[],1,0
3543348,Rockmover (Novaculichthys taeniourus),Wrasses > Wrasses (Labridae) > Rockmover (Novaculichthys taeniourus),Wrasses,Labridae,Novaculichthys,Rockmover (Novaculichthys taeniourus),,,[3389.4563787],[3389.456379],3389.456379,3389.456379,3389.456379,FALSE,FALSE,FALSE,[],1,0
3543350,Longbarbel (Parupeneus macronemus),Odd-shaped Swimmers > Goatfishes (Mullidae) > Longbarbel (Parupeneus macronemus),Odd-shaped Swimmers,Mullidae,Parupeneus,Longbarbel (Parupeneus macronemus),,,[3405.1051551],[3405.105155],3405.105155,3405.105155,3405.105155,FALSE,FALSE,FALSE,[],1,0
3543351,Longbarbel (Parupeneus macronemus),Odd-shaped Swimmers > Goatfishes (Mullidae) > Longbarbel (Parupeneus macronemus),Odd-shaped Swimmers,Mullidae,Parupeneus,Longbarbel (Parupeneus macronemus),,,[3405.1051551],[3405.105155],3405.105155,3405.105155,3405.105155,FALSE,FALSE,FALSE,[],1,0
3543352,Longbarbel (Parupeneus macronemus),Odd-shaped Swimmers > Goatfishes (Mullidae) > Longbarbel (Parupeneus macronemus),Odd-shaped Swimmers,Mullidae,Parupeneus,Longbarbel (Parupeneus macronemus),,,[3405.1051551],[3405.105155],3405.105155,3405.105155,3405.105155,FALSE,FALSE,FALSE,[],1,0
3543353,Longbarbel (Parupeneus macronemus),Odd-shaped Swimmers > Goatfishes (Mullidae) > Longbarbel (Parupeneus macronemus),Odd-shaped Swimmers,Mullidae,Parupeneus,Longbarbel (Parupeneus macronemus),,,[3405.1051551],[3405.105155],3405.105155,3405.105155,3405.105155,FALSE,FALSE,FALSE,[],1,0
3543354,Longbarbel (Parupeneus macronemus),Odd-shaped Swimmers > Goatfishes (Mullidae) > Longbarbel (Parupeneus macronemus),Odd-shaped Swimmers,Mullidae,Parupeneus,Longbarbel (Parupeneus macronemus),,,[3405.1051551],[3405.105155],3405.105155,3405.105155,3405.105155,FALSE,FALSE,FALSE,[],1,0
3543355,Longbarbel (Parupeneus macronemus),Odd-shaped Swimmers > Goatfishes (Mullidae) > Longbarbel (Parupeneus macronemus),Odd-shaped Swimmers,Mullidae,Parupeneus,Longbarbel (Parupeneus macronemus),,,[3405.1051551],[3405.105155],3405.105155,3405.105155,3405.105155,FALSE,FALSE,FALSE,[],1,0
3543356,Longbarbel (Parupeneus macronemus),Odd-shaped Swimmers > Goatfishes (Mullidae) > Longbarbel (Parupeneus macronemus),Odd-shaped Swimmers,Mullidae,Parupeneus,Longbarbel (Parupeneus macronemus),,,[3405.1051551],[3405.105155],3405.105155,3405.105155,3405.105155,FALSE,FALSE,FALSE,[],1,0
3543357,Longbarbel (Parupeneus macronemus),Odd-shaped Swimmers > Goatfishes (Mullidae) > Longbarbel (Parupeneus macronemus),Odd-shaped Swimmers,Mullidae,Parupeneus,Longbarbel (Parupeneus macronemus),,,[3405.1051551],[3405.105155],3405.105155,3405.105155,3405.105155,FALSE,FALSE,FALSE,[],1,0
3543358,Longbarbel (Parupeneus macronemus),Odd-shaped Swimmers > Goatfishes (Mullidae) > Longbarbel (Parupeneus macronemus),Odd-shaped Swimmers,Mullidae,Parupeneus,Longbarbel (Parupeneus macronemus),,,[3405.1051551],[3405.105155],3405.105155,3405.105155,3405.105155,FALSE,FALSE,FALSE,[],1,0
3543360,Longbarbel (Parupeneus macronemus),Odd-shaped Swimmers > Goatfishes (Mullidae) > Longbarbel (Parupeneus macronemus),Odd-shaped Swimmers,Mullidae,Parupeneus,Longbarbel (Parupeneus macronemus),,,[3405.1051551],[3405.105155],3405.105155,3405.105155,3405.105155,FALSE,FALSE,FALSE,[],1,0
3543361,Genus Chromis,Small Ovals - Damselfishes > Damselfishes (Pomacentridae) > Genus Chromis,Small Ovals - Damselfishes,Pomacentridae,Genus Chromis,,,,[3421.6025137],[3421.602514],3421.602514,3421.602514,3421.602514,FALSE,FALSE,FALSE,[],1,0
3543362,Genus Chromis,Small Ovals - Damselfishes > Damselfishes (Pomacentridae) > Genus Chromis,Small Ovals - Damselfishes,Pomacentridae,Genus Chromis,,,,[3421.6025137],[3421.602514],3421.602514,3421.602514,3421.602514,FALSE,FALSE,FALSE,[],1,0
3543363,Genus Chromis,Small Ovals - Damselfishes > Damselfishes (Pomacentridae) > Genus Chromis,Small Ovals - Damselfishes,Pomacentridae,Genus Chromis,,,,[3421.6025137],[3421.602514],3421.602514,3421.602514,3421.602514,FALSE,FALSE,FALSE,[],1,0
3543364,Genus Chromis,Small Ovals - Damselfishes > Damselfishes (Pomacentridae) > Genus Chromis,Small Ovals - Damselfishes,Pomacentridae,Genus Chromis,,,,[3421.6025137],[3421.602514],3421.602514,3421.602514,3421.602514,FALSE,FALSE,FALSE,[],1,0
3543365,Genus Chromis,Small Ovals - Damselfishes > Damselfishes (Pomacentridae) > Genus Chromis,Small Ovals - Damselfishes,Pomacentridae,Genus Chromis,,,,[3421.6025137],[3421.602514],3421.602514,3421.602514,3421.602514,FALSE,FALSE,FALSE,[],1,0
3543366,Genus Chromis,Small Ovals - Damselfishes > Damselfishes (Pomacentridae) > Genus Chromis,Small Ovals - Damselfishes,Pomacentridae,Genus Chromis,,,,[3421.6025137],[3421.602514],3421.602514,3421.602514,3421.602514,FALSE,FALSE,FALSE,[],1,0
3543367,Genus Chromis,Small Ovals - Damselfishes > Damselfishes (Pomacentridae) > Genus Chromis,Small Ovals - Damselfishes,Pomacentridae,Genus Chromis,,,,[3421.6025137],[3421.602514],3421.602514,3421.602514,3421.602514,FALSE,FALSE,FALSE,[],1,0
3543368,Genus Chromis,Small Ovals - Damselfishes > Damselfishes (Pomacentridae) > Genus Chromis,Small Ovals - Damselfishes,Pomacentridae,Genus Chromis,,,,[3421.6025137],[3421.602514],3421.602514,3421.602514,3421.602514,FALSE,FALSE,FALSE,[],1,0
3543369,Genus Chromis,Small Ovals - Damselfishes > Damselfishes (Pomacentridae) > Genus Chromis,Small Ovals - Damselfishes,Pomacentridae,Genus Chromis,,,,[3421.6025137],[3421.602514],3421.602514,3421.602514,3421.602514,FALSE,FALSE,FALSE,[],1,0
3543370,Genus Chromis,Small Ovals - Damselfishes > Damselfishes (Pomacentridae) > Genus Chromis,Small Ovals - Damselfishes,Pomacentridae,Genus Chromis,,,,[3421.6025137],[3421.602514],3421.602514,3421.602514,3421.602514,FALSE,FALSE,FALSE,[],1,0
3543371,Genus Chromis,Small Ovals - Damselfishes > Damselfishes (Pomacentridae) > Genus Chromis,Small Ovals - Damselfishes,Pomacentridae,Genus Chromis,,,,[3421.6025137],[3421.602514],3421.602514,3421.602514,3421.602514,FALSE,FALSE,FALSE,[],1,0
3543372,Genus Chromis,Small Ovals - Damselfishes > Damselfishes (Pomacentridae) > Genus Chromis,Small Ovals - Damselfishes,Pomacentridae,Genus Chromis,,,,[3421.6025137],[3421.602514],3421.602514,3421.602514,3421.602514,FALSE,FALSE,FALSE,[],1,0
3543373,Genus Chromis,Small Ovals - Damselfishes > Damselfishes (Pomacentridae) > Genus Chromis,Small Ovals - Damselfishes,Pomacentridae,Genus Chromis,,,,[3421.6025137],[3421.602514],3421.602514,3421.602514,3421.602514,FALSE,FALSE,FALSE,[],1,0
3543374,Genus Chromis,Small Ovals - Damselfishes > Damselfishes (Pomacentridae) > Genus Chromis,Small Ovals - Damselfishes,Pomacentridae,Genus Chromis,,,,[3421.6025137],[3421.602514],3421.602514,3421.602514,3421.602514,FALSE,FALSE,FALSE,[],1,0
3543375,Genus Chromis,Small Ovals - Damselfishes > Damselfishes (Pomacentridae) > Genus Chromis,Small Ovals - Damselfishes,Pomacentridae,Genus Chromis,,,,[3421.6025137],[3421.602514],3421.602514,3421.602514,3421.602514,FALSE,FALSE,FALSE,[],1,0
3543376,Genus Chromis,Small Ovals - Damselfishes > Damselfishes (Pomacentridae) > Genus Chromis,Small Ovals - Damselfishes,Pomacentridae,Genus Chromis,,,,[3421.6025137],[3421.602514],3421.602514,3421.602514,3421.602514,FALSE,FALSE,FALSE,[],1,0
3543377,Genus Chromis,Small Ovals - Damselfishes > Damselfishes (Pomacentridae) > Genus Chromis,Small Ovals - Damselfishes,Pomacentridae,Genus Chromis,,,,[3421.6025137],[3421.602514],3421.602514,3421.602514,3421.602514,FALSE,FALSE,FALSE,[],1,0
3543378,Genus Chromis,Small Ovals - Damselfishes > Damselfishes (Pomacentridae) > Genus Chromis,Small Ovals - Damselfishes,Pomacentridae,Genus Chromis,,,,[3421.6025137],[3421.602514],3421.602514,3421.602514,3421.602514,FALSE,FALSE,FALSE,[],1,0
3543379,Genus Chromis,Small Ovals - Damselfishes > Damselfishes (Pomacentridae) > Genus Chromis,Small Ovals - Damselfishes,Pomacentridae,Genus Chromis,,,,[3421.6025137],[3421.602514],3421.602514,3421.602514,3421.602514,FALSE,FALSE,FALSE,[],1,0
3543380,Genus Chromis,Small Ovals - Damselfishes > Damselfishes (Pomacentridae) > Genus Chromis,Small Ovals - Damselfishes,Pomacentridae,Genus Chromis,,,,[3421.6025137],[3421.602514],3421.602514,3421.602514,3421.602514,FALSE,FALSE,FALSE,[],1,0
3543381,Genus Chromis,Small Ovals - Damselfishes > Damselfishes (Pomacentridae) > Genus Chromis,Small Ovals - Damselfishes,Pomacentridae,Genus Chromis,,,,[3421.6025137],[3421.602514],3421.602514,3421.602514,3421.602514,FALSE,FALSE,FALSE,[],1,0
3543382,Genus Chromis,Small Ovals - Damselfishes > Damselfishes (Pomacentridae) > Genus Chromis,Small Ovals - Damselfishes,Pomacentridae,Genus Chromis,,,,[3421.6025137],[3421.602514],3421.602514,3421.602514,3421.602514,FALSE,FALSE,FALSE,[],1,0
3543383,Genus Chromis,Small Ovals - Damselfishes > Damselfishes (Pomacentridae) > Genus Chromis,Small Ovals - Damselfishes,Pomacentridae,Genus Chromis,,,,[3421.6025137],[3421.602514],3421.602514,3421.602514,3421.602514,FALSE,FALSE,FALSE,[],1,0
3543384,Genus Chromis,Small Ovals - Damselfishes > Damselfishes (Pomacentridae) > Genus Chromis,Small Ovals - Damselfishes,Pomacentridae,Genus Chromis,,,,[3421.6025137],[3421.602514],3421.602514,3421.602514,3421.602514,FALSE,FALSE,FALSE,[],1,0
3543385,Genus Chromis,Small Ovals - Damselfishes > Damselfishes (Pomacentridae) > Genus Chromis,Small Ovals - Damselfishes,Pomacentridae,Genus Chromis,,,,[3421.6025137],[3421.602514],3421.602514,3421.602514,3421.602514,FALSE,FALSE,FALSE,[],1,0
3543386,Genus Chromis,Small Ovals - Damselfishes > Damselfishes (Pomacentridae) > Genus Chromis,Small Ovals - Damselfishes,Pomacentridae,Genus Chromis,,,,[3421.6025137],[3421.602514],3421.602514,3421.602514,3421.602514,FALSE,FALSE,FALSE,[],1,0
3543387,Genus Chromis,Small Ovals - Damselfishes > Damselfishes (Pomacentridae) > Genus Chromis,Small Ovals - Damselfishes,Pomacentridae,Genus Chromis,,,,[3421.6025137],[3421.602514],3421.602514,3421.602514,3421.602514,FALSE,FALSE,FALSE,[],1,0
3543389,Genus Chromis,Small Ovals - Damselfishes > Damselfishes (Pomacentridae) > Genus Chromis,Small Ovals - Damselfishes,Pomacentridae,Genus Chromis,,,,[3421.6025137],[3421.602514],3421.602514,3421.602514,3421.602514,FALSE,FALSE,FALSE,[],1,0
3543390,Genus Chromis,Small Ovals - Damselfishes > Damselfishes (Pomacentridae) > Genus Chromis,Small Ovals - Damselfishes,Pomacentridae,Genus Chromis,,,,[3421.6025137],[3421.602514],3421.602514,3421.602514,3421.602514,FALSE,FALSE,FALSE,[],1,0
3543391,Genus Chromis,Small Ovals - Damselfishes > Damselfishes (Pomacentridae) > Genus Chromis,Small Ovals - Damselfishes,Pomacentridae,Genus Chromis,,,,[3421.6025137],[3421.602514],3421.602514,3421.602514,3421.602514,FALSE,FALSE,FALSE,[],1,0
3543392,Genus Chromis,Small Ovals - Damselfishes > Damselfishes (Pomacentridae) > Genus Chromis,Small Ovals - Damselfishes,Pomacentridae,Genus Chromis,,,,[3421.6025137],[3421.602514],3421.602514,3421.602514,3421.602514,FALSE,FALSE,FALSE,[],1,0
3543393,Genus Chromis,Small Ovals - Damselfishes > Damselfishes (Pomacentridae) > Genus Chromis,Small Ovals - Damselfishes,Pomacentridae,Genus Chromis,,,,[3421.6025137],[3421.602514],3421.602514,3421.602514,3421.602514,FALSE,FALSE,FALSE,[],1,0
3543394,Genus Chromis,Small Ovals - Damselfishes > Damselfishes (Pomacentridae) > Genus Chromis,Small Ovals - Damselfishes,Pomacentridae,Genus Chromis,,,,[3421.6025137],[3421.602514],3421.602514,3421.602514,3421.602514,FALSE,FALSE,FALSE,[],1,0
3543395,Genus Chromis,Small Ovals - Damselfishes > Damselfishes (Pomacentridae) > Genus Chromis,Small Ovals - Damselfishes,Pomacentridae,Genus Chromis,,,,[3421.6025137],[3421.602514],3421.602514,3421.602514,3421.602514,FALSE,FALSE,FALSE,[],1,0
3547937,Indian Half-and-Half (Pycnochromis dimidiatus),Small Ovals - Damselfishes > Damselfishes (Pomacentridae) > Indian Half-and-Half (Pycnochromis dimidiatus),Small Ovals - Damselfishes,Pomacentridae,Pycnochromis,Indian Half-and-Half (Pycnochromis dimidiatus),,,[1026.1775219],[1026.177522],1026.177522,1026.177522,1026.177522,TRUE,FALSE,FALSE,[1026.177522],1,1
3547938,Indian Half-and-Half (Pycnochromis dimidiatus),Small Ovals - Damselfishes > Damselfishes (Pomacentridae) > Indian Half-and-Half (Pycnochromis dimidiatus),Small Ovals - Damselfishes,Pomacentridae,Pycnochromis,Indian Half-and-Half (Pycnochromis dimidiatus),,,[1026.1775219],[1026.177522],1026.177522,1026.177522,1026.177522,TRUE,FALSE,FALSE,[1026.177522],1,1
3547939,Indian Half-and-Half (Pycnochromis dimidiatus),Small Ovals - Damselfishes > Damselfishes (Pomacentridae) > Indian Half-and-Half (Pycnochromis dimidiatus),Small Ovals - Damselfishes,Pomacentridae,Pycnochromis,Indian Half-and-Half (Pycnochromis dimidiatus),,,[1026.1775219],[1026.177522],1026.177522,1026.177522,1026.177522,TRUE,FALSE,FALSE,[1026.177522],1,1
3547940,Indian Half-and-Half (Pycnochromis dimidiatus),Small Ovals - Damselfishes > Damselfishes (Pomacentridae) > Indian Half-and-Half (Pycnochromis dimidiatus),Small Ovals - Damselfishes,Pomacentridae,Pycnochromis,Indian Half-and-Half (Pycnochromis dimidiatus),,,[1026.1775219],[1026.177522],1026.177522,1026.177522,1026.177522,TRUE,FALSE,FALSE,[1026.177522],1,1
3547941,Indian Half-and-Half (Pycnochromis dimidiatus),Small Ovals - Damselfishes > Damselfishes (Pomacentridae) > Indian Half-and-Half (Pycnochromis dimidiatus),Small Ovals - Damselfishes,Pomacentridae,Pycnochromis,Indian Half-and-Half (Pycnochromis dimidiatus),,,[1026.1775219],[1026.177522],1026.177522,1026.177522,1026.177522,TRUE,FALSE,FALSE,[1026.177522],1,1
3547942,Indian Half-and-Half (Pycnochromis dimidiatus),Small Ovals - Damselfishes > Damselfishes (Pomacentridae) > Indian Half-and-Half (Pycnochromis dimidiatus),Small Ovals - Damselfishes,Pomacentridae,Pycnochromis,Indian Half-and-Half (Pycnochromis dimidiatus),,,[1026.1775219],[1026.177522],1026.177522,1026.177522,1026.177522,TRUE,FALSE,FALSE,[1026.177522],1,1
3547943,Indian Half-and-Half (Pycnochromis dimidiatus),Small Ovals - Damselfishes > Damselfishes (Pomacentridae) > Indian Half-and-Half (Pycnochromis dimidiatus),Small Ovals - Damselfishes,Pomacentridae,Pycnochromis,Indian Half-and-Half (Pycnochromis dimidiatus),,,[1026.1775219],[1026.177522],1026.177522,1026.177522,1026.177522,TRUE,FALSE,FALSE,[1026.177522],1,1
3547944,Indian Half-and-Half (Pycnochromis dimidiatus),Small Ovals - Damselfishes > Damselfishes (Pomacentridae) > Indian Half-and-Half (Pycnochromis dimidiatus),Small Ovals - Damselfishes,Pomacentridae,Pycnochromis,Indian Half-and-Half (Pycnochromis dimidiatus),,,[1026.1775219],[1026.177522],1026.177522,1026.177522,1026.177522,TRUE,FALSE,FALSE,[1026.177522],1,1
3547945,Indian Half-and-Half (Pycnochromis dimidiatus),Small Ovals - Damselfishes > Damselfishes (Pomacentridae) > Indian Half-and-Half (Pycnochromis dimidiatus),Small Ovals - Damselfishes,Pomacentridae,Pycnochromis,Indian Half-and-Half (Pycnochromis dimidiatus),,,[1026.1775219],[1026.177522],1026.177522,1026.177522,1026.177522,TRUE,FALSE,FALSE,[1026.177522],1,1
3547946,Indian Half-and-Half (Pycnochromis dimidiatus),Small Ovals - Damselfishes > Damselfishes (Pomacentridae) > Indian Half-and-Half (Pycnochromis dimidiatus),Small Ovals - Damselfishes,Pomacentridae,Pycnochromis,Indian Half-and-Half (Pycnochromis dimidiatus),,,[1026.1775219],[1026.177522],1026.177522,1026.177522,1026.177522,TRUE,FALSE,FALSE,[1026.177522],1,1
3547947,Indian Half-and-Half (Pycnochromis dimidiatus),Small Ovals - Damselfishes > Damselfishes (Pomacentridae) > Indian Half-and-Half (Pycnochromis dimidiatus),Small Ovals - Damselfishes,Pomacentridae,Pycnochromis,Indian Half-and-Half (Pycnochromis dimidiatus),,,[1026.1775219],[1026.177522],1026.177522,1026.177522,1026.177522,TRUE,FALSE,FALSE,[1026.177522],1,1
3547948,Indian Half-and-Half (Pycnochromis dimidiatus),Small Ovals - Damselfishes > Damselfishes (Pomacentridae) > Indian Half-and-Half (Pycnochromis dimidiatus),Small Ovals - Damselfishes,Pomacentridae,Pycnochromis,Indian Half-and-Half (Pycnochromis dimidiatus),,,[1026.1775219],[1026.177522],1026.177522,1026.177522,1026.177522,TRUE,FALSE,FALSE,[1026.177522],1,1
3547949,Indian Half-and-Half (Pycnochromis dimidiatus),Small Ovals - Damselfishes > Damselfishes (Pomacentridae) > Indian Half-and-Half (Pycnochromis dimidiatus),Small Ovals - Damselfishes,Pomacentridae,Pycnochromis,Indian Half-and-Half (Pycnochromis dimidiatus),,,[1026.1775219],[1026.177522],1026.177522,1026.177522,1026.177522,TRUE,FALSE,FALSE,[1026.177522],1,1
3547950,Indian Half-and-Half (Pycnochromis dimidiatus),Small Ovals - Damselfishes > Damselfishes (Pomacentridae) > Indian Half-and-Half (Pycnochromis dimidiatus),Small Ovals - Damselfishes,Pomacentridae,Pycnochromis,Indian Half-and-Half (Pycnochromis dimidiatus),,,[1026.1775219],[1026.177522],1026.177522,1026.177522,1026.177522,TRUE,FALSE,FALSE,[1026.177522],1,1
3547951,Indian Half-and-Half (Pycnochromis dimidiatus),Small Ovals - Damselfishes > Damselfishes (Pomacentridae) > Indian Half-and-Half (Pycnochromis dimidiatus),Small Ovals - Damselfishes,Pomacentridae,Pycnochromis,Indian Half-and-Half (Pycnochromis dimidiatus),,,[1026.1775219],[1026.177522],1026.177522,1026.177522,1026.177522,TRUE,FALSE,FALSE,[1026.177522],1,1
3558962,Spotted (Diodon hystrix),Odd-shaped Swimmers > Porcupinefishes (Diodontidae) > Spotted (Diodon hystrix),Odd-shaped Swimmers,Diodontidae,Diodon,Spotted (Diodon hystrix),,,[2788.2759928],[2788.275993],2788.275993,2788.275993,2788.275993,TRUE,FALSE,FALSE,[2788.275993],1,1
3559414,Yellowtail (Anampses meleagrides),Wrasses > Wrasses (Labridae) > Yellowtail (Anampses meleagrides),Wrasses,Labridae,Anampses,Yellowtail (Anampses meleagrides),,,[1733.4277671],[1733.427767],1733.427767,1733.427767,1733.427767,TRUE,FALSE,FALSE,[1733.427767],1,1
3620602,Longnose (Oxymonacanthus longirostris),Odd-shaped Swimmers > Filefishes (Monacanthidae) > Longnose (Oxymonacanthus longirostris),Odd-shaped Swimmers,Monacanthidae,Oxymonacanthus,Longnose (Oxymonacanthus longirostris),,,[417.456316],[417.456316],417.456316,417.456316,417.456316,TRUE,FALSE,FALSE,[417.456316],1,1
3620603,Longnose (Oxymonacanthus longirostris),Odd-shaped Swimmers > Filefishes (Monacanthidae) > Longnose (Oxymonacanthus longirostris),Odd-shaped Swimmers,Monacanthidae,Oxymonacanthus,Longnose (Oxymonacanthus longirostris),,,[422.373406],[422.373406],422.373406,422.373406,422.373406,TRUE,FALSE,FALSE,[422.373406],1,1
3620604,Longnose (Oxymonacanthus longirostris),Odd-shaped Swimmers > Filefishes (Monacanthidae) > Longnose (Oxymonacanthus longirostris),Odd-shaped Swimmers,Monacanthidae,Oxymonacanthus,Longnose (Oxymonacanthus longirostris),,,[422.373406],[422.373406],422.373406,422.373406,422.373406,TRUE,FALSE,FALSE,[422.373406],1,1
3620605,Yellowbreast (Anampses twistii),Wrasses > Wrasses (Labridae) > Yellowbreast (Anampses twistii),Wrasses,Labridae,Anampses,Yellowbreast (Anampses twistii),,,[849.298314],[849.298314],849.298314,849.298314,849.298314,TRUE,FALSE,FALSE,[849.298314],1,1
