video_annotation_label_id,label_name,label_hierarchy,frames
3298570,Orange-lined (Balistapus undulatus),Odd-shaped Swimmers > Triggerfishes (Balistidae) > Orange-lined (Balistapus undulatus),[0]
3298571,Orange-lined (Balistapus undulatus),Odd-shaped Swimmers > Triggerfishes (Balistidae) > Orange-lined (Balistapus undulatus),[0]
3298572,Orange-lined (Balistapus undulatus),Odd-shaped Swimmers > Triggerfishes (Balistidae) > Orange-lined (Balistapus undulatus),[0]
3298573,Green (Amblyglyphidodon indicus),Small Ovals - Damselfishes > Damselfishes (Pomacentridae) > Green (Amblyglyphidodon indicus),[5.294116608005114]
3298574,Green (Amblyglyphidodon indicus),Small Ovals - Damselfishes > Damselfishes (Pomacentridae) > Green (Amblyglyphidodon indicus),[9.430690526990489]
3298575,Green (Amblyglyphidodon indicus),Small Ovals - Damselfishes > Damselfishes (Pomacentridae) > Green (Amblyglyphidodon indicus),[9.430690526990489]
3298576,Red (Lutjanus bohar),Sloping Heads > Snappers (Lutjanidae) > Red (Lutjanus bohar),[10.597827566667648]
3298578,Green (Amblyglyphidodon indicus),Small Ovals - Damselfishes > Damselfishes (Pomacentridae) > Green (Amblyglyphidodon indicus),[13.595984952]
3298579,Green (Amblyglyphidodon indicus),Small Ovals - Damselfishes > Damselfishes (Pomacentridae) > Green (Amblyglyphidodon indicus),[13.595984952]
3298580,Green (Amblyglyphidodon indicus),Small Ovals - Damselfishes > Damselfishes (Pomacentridae) > Green (Amblyglyphidodon indicus),[13.595984952]
3298581,Goldbar (Thalassoma hebraicum),Wrasses > Wrasses (Labridae) > Goldbar (Thalassoma hebraicum),[13.99174166567635]
3298582,Parrotfishes (Scaridae),Parrotfishes > Parrotfishes (Scaridae),[17.66342832]
3298583,Indian Half-and-Half (Pycnochromis dimidiatus),Small Ovals - Damselfishes > Damselfishes (Pomacentridae) > Indian Half-and-Half (Pycnochromis dimidiatus),[17.66342832]
3298584,Genus Naso,Large Ovals > Surgeonfishes (Acanthuridae) > Genus Naso,[17.89631374833046]
3298585,Genus Naso,Large Ovals > Surgeonfishes (Acanthuridae) > Genus Naso,[21.899747929669896]
3298586,Goldbar Feeding,Wrasses > Wrasses (Labridae) > Goldbar (Thalassoma hebraicum) > Goldbar Feeding,[23.22250219365688]
3298587,Goldbar Feeding,Wrasses > Wrasses (Labridae) > Goldbar (Thalassoma hebraicum) > Goldbar Feeding,[23.22250219365688]
3298588,Green Feeding,Small Ovals - Damselfishes > Damselfishes (Pomacentridae) > Green (Amblyglyphidodon indicus) > Green Feeding,[29.277657898000193]
3298589,Golden (Ctenochaetus truncates),Large Ovals > Surgeonfishes (Acanthuridae) > Golden (Ctenochaetus truncates),[32.745239172999376]
3298590,Wrasses (Labridae),Wrasses > Wrasses (Labridae),[34.62203375633006]
3298591,False-eye (Abudefduf sparoides),Small Ovals - Damselfishes > Damselfishes (Pomacentridae) > False-eye (Abudefduf sparoides),[38.428553458336296]
3298592,Genus Soldier (Myripristis),Reddish/Big Eyes > Soldier-&Squirrelfishes (Holocentridae) > Genus Soldier (Myripristis),[41.483588670999694]
3298593,Genus Squirrel (Sargocentron),Reddish/Big Eyes > Soldier-&Squirrelfishes (Holocentridae) > Genus Squirrel (Sargocentron),[41.483588670999694]
3298594,Moon (Thalassoma lunare),Wrasses > Wrasses (Labridae) > Moon (Thalassoma lunare),[42.40510310766637]
3298595,Redmouth (Aethaloperca rogaa),Heavy Bodies/Large Lips > Groupers (Serranidae) > Redmouth (Aethaloperca rogaa),[47.56232898433357]
3298596,Redmouth Interested,Heavy Bodies/Large Lips > Groupers (Serranidae) > Redmouth (Aethaloperca rogaa) > Redmouth Interested,[70.11712756933125]
3298597,Elegant Unicorn (Naso elegans),Large Ovals > Surgeonfishes (Acanthuridae) > Elegant Unicorn (Naso elegans),[81.96443397499579]
3298601,Groupers (Serranidae),Heavy Bodies/Large Lips > Groupers (Serranidae),[92.11705769400005]
3298603,Regal (Pygoplites diacanthus),Disk-shaped/Colourful > Angelfishes (Pomacanthidae) > Regal (Pygoplites diacanthus),[113.79916998033677]
3298604,Moorish Idol (Zanclus cornutus),Large Ovals > Moorish Idol (Zanclidae) > Moorish Idol (Zanclus cornutus),[160.21850187166478]
3298609,Bullethead (Chlorurus sordidus),Parrotfishes > Parrotfishes (Scaridae) > Bullethead (Chlorurus sordidus),[181.04886446332492]
3298610,Brown Pigmy (Centropyge multispinis),Disk-shaped/Colourful > Angelfishes (Pomacanthidae) > Brown Pigmy (Centropyge multispinis),[175.63856849100307]
3298612,Indian Half-and-Half (Pycnochromis dimidiatus),Small Ovals - Damselfishes > Damselfishes (Pomacentridae) > Indian Half-and-Half (Pycnochromis dimidiatus),[202.73134297766813]
3298613,Indian Half-and-Half (Pycnochromis dimidiatus),Small Ovals - Damselfishes > Damselfishes (Pomacentridae) > Indian Half-and-Half (Pycnochromis dimidiatus),[202.73134297766813]
3298614,Indian Half-and-Half (Pycnochromis dimidiatus),Small Ovals - Damselfishes > Damselfishes (Pomacentridae) > Indian Half-and-Half (Pycnochromis dimidiatus),[202.73134297766813]
3298615,Indian Half-and-Half (Pycnochromis dimidiatus),Small Ovals - Damselfishes > Damselfishes (Pomacentridae) > Indian Half-and-Half (Pycnochromis dimidiatus),[202.73134297766813]
3298616,Indian Half-and-Half (Pycnochromis dimidiatus),Small Ovals - Damselfishes > Damselfishes (Pomacentridae) > Indian Half-and-Half (Pycnochromis dimidiatus),[202.73134297766813]
3298617,Indian Half-and-Half (Pycnochromis dimidiatus),Small Ovals - Damselfishes > Damselfishes (Pomacentridae) > Indian Half-and-Half (Pycnochromis dimidiatus),[202.73134297766813]
3298618,Indian Half-and-Half (Pycnochromis dimidiatus),Small Ovals - Damselfishes > Damselfishes (Pomacentridae) > Indian Half-and-Half (Pycnochromis dimidiatus),[202.73134297766813]
3298619,Indian Half-and-Half (Pycnochromis dimidiatus),Small Ovals - Damselfishes > Damselfishes (Pomacentridae) > Indian Half-and-Half (Pycnochromis dimidiatus),[202.73134297766813]
3298620,Indian Half-and-Half (Pycnochromis dimidiatus),Small Ovals - Damselfishes > Damselfishes (Pomacentridae) > Indian Half-and-Half (Pycnochromis dimidiatus),[202.73134297766813]
3298621,Indian Half-and-Half (Pycnochromis dimidiatus),Small Ovals - Damselfishes > Damselfishes (Pomacentridae) > Indian Half-and-Half (Pycnochromis dimidiatus),[202.73134297766813]
3298622,Indian Half-and-Half (Pycnochromis dimidiatus),Small Ovals - Damselfishes > Damselfishes (Pomacentridae) > Indian Half-and-Half (Pycnochromis dimidiatus),[202.73134297766813]
3298623,Indian Half-and-Half (Pycnochromis dimidiatus),Small Ovals - Damselfishes > Damselfishes (Pomacentridae) > Indian Half-and-Half (Pycnochromis dimidiatus),[202.73134297766813]
3298624,Indian Half-and-Half (Pycnochromis dimidiatus),Small Ovals - Damselfishes > Damselfishes (Pomacentridae) > Indian Half-and-Half (Pycnochromis dimidiatus),[202.73134297766813]
3298625,Indian Half-and-Half (Pycnochromis dimidiatus),Small Ovals - Damselfishes > Damselfishes (Pomacentridae) > Indian Half-and-Half (Pycnochromis dimidiatus),[202.73134297766813]
3298626,Indian Half-and-Half (Pycnochromis dimidiatus),Small Ovals - Damselfishes > Damselfishes (Pomacentridae) > Indian Half-and-Half (Pycnochromis dimidiatus),[202.73134297766813]
3298627,Indian Half-and-Half (Pycnochromis dimidiatus),Small Ovals - Damselfishes > Damselfishes (Pomacentridae) > Indian Half-and-Half (Pycnochromis dimidiatus),[202.73134297766813]
3298628,Indian Half-and-Half (Pycnochromis dimidiatus),Small Ovals - Damselfishes > Damselfishes (Pomacentridae) > Indian Half-and-Half (Pycnochromis dimidiatus),[202.73134297766813]
3298629,Indian Half-and-Half (Pycnochromis dimidiatus),Small Ovals - Damselfishes > Damselfishes (Pomacentridae) > Indian Half-and-Half (Pycnochromis dimidiatus),[202.73134297766813]
3298630,Indian Half-and-Half (Pycnochromis dimidiatus),Small Ovals - Damselfishes > Damselfishes (Pomacentridae) > Indian Half-and-Half (Pycnochromis dimidiatus),[202.73134297766813]
3298631,Indian Half-and-Half (Pycnochromis dimidiatus),Small Ovals - Damselfishes > Damselfishes (Pomacentridae) > Indian Half-and-Half (Pycnochromis dimidiatus),[202.73134297766813]
3298632,Indian Half-and-Half (Pycnochromis dimidiatus),Small Ovals - Damselfishes > Damselfishes (Pomacentridae) > Indian Half-and-Half (Pycnochromis dimidiatus),[202.73134297766813]
3298633,Indian Half-and-Half (Pycnochromis dimidiatus),Small Ovals - Damselfishes > Damselfishes (Pomacentridae) > Indian Half-and-Half (Pycnochromis dimidiatus),[202.73134297766813]
3298634,Indian Half-and-Half (Pycnochromis dimidiatus),Small Ovals - Damselfishes > Damselfishes (Pomacentridae) > Indian Half-and-Half (Pycnochromis dimidiatus),[202.73134297766813]
3298635,Indian Half-and-Half (Pycnochromis dimidiatus),Small Ovals - Damselfishes > Damselfishes (Pomacentridae) > Indian Half-and-Half (Pycnochromis dimidiatus),[202.7313429]
3298636,Indian Half-and-Half (Pycnochromis dimidiatus),Small Ovals - Damselfishes > Damselfishes (Pomacentridae) > Indian Half-and-Half (Pycnochromis dimidiatus),[202.7313429]
3298637,Indian Half-and-Half (Pycnochromis dimidiatus),Small Ovals - Damselfishes > Damselfishes (Pomacentridae) > Indian Half-and-Half (Pycnochromis dimidiatus),[202.7313429]
3298638,Indian Half-and-Half (Pycnochromis dimidiatus),Small Ovals - Damselfishes > Damselfishes (Pomacentridae) > Indian Half-and-Half (Pycnochromis dimidiatus),[202.7313429]
3298639,Indian Half-and-Half (Pycnochromis dimidiatus),Small Ovals - Damselfishes > Damselfishes (Pomacentridae) > Indian Half-and-Half (Pycnochromis dimidiatus),[202.7313429]
3298640,Indian Half-and-Half (Pycnochromis dimidiatus),Small Ovals - Damselfishes > Damselfishes (Pomacentridae) > Indian Half-and-Half (Pycnochromis dimidiatus),[202.7313429]
3298641,Indian Half-and-Half (Pycnochromis dimidiatus),Small Ovals - Damselfishes > Damselfishes (Pomacentridae) > Indian Half-and-Half (Pycnochromis dimidiatus),[202.7313429]
3298642,Indian Half-and-Half (Pycnochromis dimidiatus),Small Ovals - Damselfishes > Damselfishes (Pomacentridae) > Indian Half-and-Half (Pycnochromis dimidiatus),[202.7313429]
3298644,Bird wrasse (Gomphosus caeruleus),Wrasses > Wrasses (Labridae) > Bird wrasse (Gomphosus caeruleus),[234.13654197501182]
3298645,Disappearing (Pseudocheilinus evanidus),Wrasses > Wrasses (Labridae) > Disappearing (Pseudocheilinus evanidus),[239.6653132939932]
3298646,Parrotfishes (Scaridae),Parrotfishes > Parrotfishes (Scaridae),[245.17512182499775]
3298647,Parrotfishes (Scaridae),Parrotfishes > Parrotfishes (Scaridae),[245.17512182499775]
3298648,Parrotfishes (Scaridae),Parrotfishes > Parrotfishes (Scaridae),[245.17512182499775]
3298649,Parrotfishes (Scaridae),Parrotfishes > Parrotfishes (Scaridae),[245.17512182499775]
3298650,Parrotfishes (Scaridae),Parrotfishes > Parrotfishes (Scaridae),[245.17512182499775]
3298651,Parrotfishes (Scaridae),Parrotfishes > Parrotfishes (Scaridae),[245.17512182499775]
3298652,Parrotfishes (Scaridae),Parrotfishes > Parrotfishes (Scaridae),[245.1751218]
3298654,Speckled (Parapercis hexophthalma),Elongate Sand & Burrow Dwellers > Sandperches (Pinguipedidae) > Speckled (Parapercis hexophthalma),[285.3678830009899]
3298655,Bicolor (Labroides bicolor),Wrasses > Wrasses (Labridae) > Bicolor (Labroides bicolor),[320.9080275960076]
3298658,Groupers (Serranidae),Heavy Bodies/Large Lips > Groupers (Serranidae),[362.5420234346659]
3298659,Groupers (Serranidae),Heavy Bodies/Large Lips > Groupers (Serranidae),[362.5420234346659]
3298662,Five-saddle (Scarus saber),Parrotfishes > Parrotfishes (Scaridae) > Five-saddle (Scarus saber),[422.61969048666094]
3298663,Genus Caesio,Slender Schoolers/Colourful > Fusiliers (Caesionidae) > Genus Caesio,[426.73628080233357]
3298664,Genus Caesio,Slender Schoolers/Colourful > Fusiliers (Caesionidae) > Genus Caesio,[426.73628080233357]
3298665,Genus Caesio,Slender Schoolers/Colourful > Fusiliers (Caesionidae) > Genus Caesio,[426.73628080233357]
3298666,Genus Caesio,Slender Schoolers/Colourful > Fusiliers (Caesionidae) > Genus Caesio,[426.73628080233357]
3298667,Genus Caesio,Slender Schoolers/Colourful > Fusiliers (Caesionidae) > Genus Caesio,[426.73628080233357]
3298668,Genus Caesio,Slender Schoolers/Colourful > Fusiliers (Caesionidae) > Genus Caesio,[426.73628080233357]
3298669,Genus Caesio,Slender Schoolers/Colourful > Fusiliers (Caesionidae) > Genus Caesio,[426.73628080233357]
3298670,Genus Caesio,Slender Schoolers/Colourful > Fusiliers (Caesionidae) > Genus Caesio,[426.73628080233357]
3298671,Genus Caesio,Slender Schoolers/Colourful > Fusiliers (Caesionidae) > Genus Caesio,[426.73628080233357]
3298672,Genus Caesio,Slender Schoolers/Colourful > Fusiliers (Caesionidae) > Genus Caesio,[426.73628080233357]
3298673,Genus Caesio,Slender Schoolers/Colourful > Fusiliers (Caesionidae) > Genus Caesio,[426.73628080233357]
3298677,Bullethead (Chlorurus sordidus),Parrotfishes > Parrotfishes (Scaridae) > Bullethead (Chlorurus sordidus),[432.6202563966664]
3298678,Bullethead (Chlorurus sordidus),Parrotfishes > Parrotfishes (Scaridae) > Bullethead (Chlorurus sordidus),[432.6202563966664]
3298680,Leopard (Cephalopholis leopardus),Heavy Bodies/Large Lips > Groupers (Serranidae) > Leopard (Cephalopholis leopardus),[458.28354956799024]
3298681,Leopard (Cephalopholis leopardus),Heavy Bodies/Large Lips > Groupers (Serranidae) > Leopard (Cephalopholis leopardus),[458.28354956799024]
3298682,Black-lipped (Chaetodon kleinii),Disk-shaped/Colourful > Butterflyfishes (Chaetodontidae) > Black-lipped (Chaetodon kleinii),[463.4376320796673]
3299148,Black-lipped (Chaetodon kleinii),Disk-shaped/Colourful > Butterflyfishes (Chaetodontidae) > Black-lipped (Chaetodon kleinii),[471.74356234899403]
3299149,Black-lipped (Chaetodon kleinii),Disk-shaped/Colourful > Butterflyfishes (Chaetodontidae) > Black-lipped (Chaetodon kleinii),[471.74356234899403]
3299151,Black-lipped Feeding,Disk-shaped/Colourful > Butterflyfishes (Chaetodontidae) > Black-lipped (Chaetodon kleinii) > Black-lipped Feeding,[489.9408343863329]
3299152,Black-lipped Feeding,Disk-shaped/Colourful > Butterflyfishes (Chaetodontidae) > Black-lipped (Chaetodon kleinii) > Black-lipped Feeding,[489.9408343863329]
3299157,Longbarbel (Parupeneus macronemus),Odd-shaped Swimmers > Goatfishes (Mullidae) > Longbarbel (Parupeneus macronemus),[519.6061115039932]
3299158,Longbarbel (Parupeneus macronemus),Odd-shaped Swimmers > Goatfishes (Mullidae) > Longbarbel (Parupeneus macronemus),[519.6061115039932]
3299159,Longbarbel (Parupeneus macronemus),Odd-shaped Swimmers > Goatfishes (Mullidae) > Longbarbel (Parupeneus macronemus),[519.6061115039932]
3299160,Longbarbel (Parupeneus macronemus),Odd-shaped Swimmers > Goatfishes (Mullidae) > Longbarbel (Parupeneus macronemus),[519.6061115039932]
3299161,Longbarbel (Parupeneus macronemus),Odd-shaped Swimmers > Goatfishes (Mullidae) > Longbarbel (Parupeneus macronemus),[519.6061115039932]
3299162,Longbarbel (Parupeneus macronemus),Odd-shaped Swimmers > Goatfishes (Mullidae) > Longbarbel (Parupeneus macronemus),[519.6061115039932]
3299163,Longbarbel (Parupeneus macronemus),Odd-shaped Swimmers > Goatfishes (Mullidae) > Longbarbel (Parupeneus macronemus),[519.6061115039932]
3299164,Longbarbel (Parupeneus macronemus),Odd-shaped Swimmers > Goatfishes (Mullidae) > Longbarbel (Parupeneus macronemus),[519.6061115039932]
3299165,Longbarbel (Parupeneus macronemus),Odd-shaped Swimmers > Goatfishes (Mullidae) > Longbarbel (Parupeneus macronemus),[519.6061115039932]
3299169,Indian Redfin (Chaetodon trifasciatus),Disk-shaped/Colourful > Butterflyfishes (Chaetodontidae) > Indian Redfin (Chaetodon trifasciatus),[523.7023452860033]
3299174,Parrotfishes (Scaridae),Parrotfishes > Parrotfishes (Scaridae),[650.6553458323305]
3299175,Parrotfishes (Scaridae),Parrotfishes > Parrotfishes (Scaridae),[650.6553458323305]
3299176,Parrotfishes (Scaridae),Parrotfishes > Parrotfishes (Scaridae),[650.6553458323305]
3299177,Parrotfishes (Scaridae),Parrotfishes > Parrotfishes (Scaridae),[650.6553458323305]
3299178,Parrotfishes (Scaridae),Parrotfishes > Parrotfishes (Scaridae),[650.6553458323305]
3299179,Parrotfishes (Scaridae),Parrotfishes > Parrotfishes (Scaridae),[650.6553458323305]
3299180,Parrotfishes (Scaridae),Parrotfishes > Parrotfishes (Scaridae),[650.6553458323305]
3299181,Parrotfishes (Scaridae),Parrotfishes > Parrotfishes (Scaridae),[650.6553458323305]
3299182,Parrotfishes (Scaridae),Parrotfishes > Parrotfishes (Scaridae),[650.6553458323305]
3299183,Parrotfishes (Scaridae),Parrotfishes > Parrotfishes (Scaridae),[650.6553458323305]
3299184,Parrotfishes (Scaridae),Parrotfishes > Parrotfishes (Scaridae),[650.6553458323305]
3299186,Red Interested,Sloping Heads > Snappers (Lutjanidae) > Red (Lutjanus bohar) > Red Interested,[744.1657984030022]
3299188,Threadfin (Chaetodon auriga),Disk-shaped/Colourful > Butterflyfishes (Chaetodontidae) > Threadfin (Chaetodon auriga),[761.0909036423334]
3299189,Threadfin (Chaetodon auriga),Disk-shaped/Colourful > Butterflyfishes (Chaetodontidae) > Threadfin (Chaetodon auriga),[761.0909036423334]
3299190,Brown Tang (Zebrasoma scopas),Large Ovals > Surgeonfishes (Acanthuridae) > Brown Tang (Zebrasoma scopas),[783.4553020753316]
3299191,Paletail Unicorn (Naso brevirostris),Large Ovals > Surgeonfishes (Acanthuridae) > Paletail Unicorn (Naso brevirostris),[794.4319124023335]
3299192,Black Saddled Toby (Canthigaster valentini),Odd-shaped Swimmers > Puffers (Tetraodontidae) > Black Saddled Toby (Canthigaster valentini),[801.2549608583282]
3299193,Genus Soldier (Myripristis),Reddish/Big Eyes > Soldier-&Squirrelfishes (Holocentridae) > Genus Soldier (Myripristis),[868.6755340743276]
3299194,Genus Soldier (Myripristis),Reddish/Big Eyes > Soldier-&Squirrelfishes (Holocentridae) > Genus Soldier (Myripristis),[868.6755340743276]
3299195,Genus Chromis,Small Ovals - Damselfishes > Damselfishes (Pomacentridae) > Genus Chromis,[879.4504780766629]
3299196,Genus Chromis,Small Ovals - Damselfishes > Damselfishes (Pomacentridae) > Genus Chromis,[879.4504780766629]
3299197,Genus Chromis,Small Ovals - Damselfishes > Damselfishes (Pomacentridae) > Genus Chromis,[879.4504780766629]
3299198,Genus Chromis,Small Ovals - Damselfishes > Damselfishes (Pomacentridae) > Genus Chromis,[879.4504780766629]
3299199,Genus Chromis,Small Ovals - Damselfishes > Damselfishes (Pomacentridae) > Genus Chromis,[879.4504780766629]
3299200,Genus Chromis,Small Ovals - Damselfishes > Damselfishes (Pomacentridae) > Genus Chromis,[879.4504780766629]
3302943,Red Feeding,Sloping Heads > Snappers (Lutjanidae) > Red (Lutjanus bohar) > Red Feeding,[1058.399866572]
3302962,Sixbar (Thalassoma hardwicke),Wrasses > Wrasses (Labridae) > Sixbar (Thalassoma hardwicke),[1126.3857490153343]
3302973,Regal (Pygoplites diacanthus),Disk-shaped/Colourful > Angelfishes (Pomacanthidae) > Regal (Pygoplites diacanthus),[1145.286852560668]
3302974,Regal (Pygoplites diacanthus),Disk-shaped/Colourful > Angelfishes (Pomacanthidae) > Regal (Pygoplites diacanthus),[1145.286852560668]
3302979,Moorish Idol (Zanclus cornutus),Large Ovals > Moorish Idol (Zanclidae) > Moorish Idol (Zanclus cornutus),[1194.5912848906855]
3302980,Moorish Idol (Zanclus cornutus),Large Ovals > Moorish Idol (Zanclidae) > Moorish Idol (Zanclus cornutus),[1194.5912848906855]
3302981,Moorish Idol (Zanclus cornutus),Large Ovals > Moorish Idol (Zanclidae) > Moorish Idol (Zanclus cornutus),[1194.5912848906855]
3302982,Moorish Idol (Zanclus cornutus),Large Ovals > Moorish Idol (Zanclidae) > Moorish Idol (Zanclus cornutus),[1194.5912848906855]
3302997,Red-breasted (Cheilinus fasciatus),Wrasses > Wrasses (Labridae) > Red-breasted (Cheilinus fasciatus),[1238.9991609990202]
3303043,Wrasses (Labridae),Wrasses > Wrasses (Labridae),[1267.8422995113267]
3303044,Wrasses (Labridae),Wrasses > Wrasses (Labridae),[1267.8422995113267]
3303162,Wrasses (Labridae),Wrasses > Wrasses (Labridae),[1305.1496206360075]
3303201,Blue-streak (Labroides dimidiatus),Wrasses > Wrasses (Labridae) > Blue-streak (Labroides dimidiatus),[1307.438151391]
3303248,Genus Squirrel (Sargocentron),Reddish/Big Eyes > Soldier-&Squirrelfishes (Holocentridae) > Genus Squirrel (Sargocentron),[1327.4736947086749]
3303251,Genus Squirrel (Sargocentron),Reddish/Big Eyes > Soldier-&Squirrelfishes (Holocentridae) > Genus Squirrel (Sargocentron),[1327.4736947086749]
3303252,Genus Squirrel (Sargocentron),Reddish/Big Eyes > Soldier-&Squirrelfishes (Holocentridae) > Genus Squirrel (Sargocentron),[1327.4736947086749]
3303253,Genus Squirrel (Sargocentron),Reddish/Big Eyes > Soldier-&Squirrelfishes (Holocentridae) > Genus Squirrel (Sargocentron),[1327.4736947086749]
3303257,Genus Squirrel (Sargocentron),Reddish/Big Eyes > Soldier-&Squirrelfishes (Holocentridae) > Genus Squirrel (Sargocentron),[1327.4736947]
3304480,Humpback Unicorn (Naso brachycentron),Large Ovals > Surgeonfishes (Acanthuridae) > Humpback Unicorn (Naso brachycentron),[1383.1941119199955]
3304550,Bullethead (Chlorurus sordidus),Parrotfishes > Parrotfishes (Scaridae) > Bullethead (Chlorurus sordidus),[1483.600915361]
3304551,Bullethead (Chlorurus sordidus),Parrotfishes > Parrotfishes (Scaridae) > Bullethead (Chlorurus sordidus),[1483.600915361]
3304552,Bullethead (Chlorurus sordidus),Parrotfishes > Parrotfishes (Scaridae) > Bullethead (Chlorurus sordidus),[1483.600915361]
3304553,Bullethead (Chlorurus sordidus),Parrotfishes > Parrotfishes (Scaridae) > Bullethead (Chlorurus sordidus),[1483.600915361]
3304575,Swarthy (Scarus niger),Parrotfishes > Parrotfishes (Scaridae) > Swarthy (Scarus niger),[1578.74224887733]
3304584,Parrotfishes (Scaridae),Parrotfishes > Parrotfishes (Scaridae),[1633.7876582790032]
3304585,Parrotfishes (Scaridae),Parrotfishes > Parrotfishes (Scaridae),[1633.7876582790032]
3304586,Parrotfishes (Scaridae),Parrotfishes > Parrotfishes (Scaridae),[1633.7876582790032]
3304587,Parrotfishes (Scaridae),Parrotfishes > Parrotfishes (Scaridae),[1633.7876582790032]
3304588,Parrotfishes (Scaridae),Parrotfishes > Parrotfishes (Scaridae),[1633.7876582790032]
3304589,Parrotfishes (Scaridae),Parrotfishes > Parrotfishes (Scaridae),[1633.7876582790032]
3304590,Parrotfishes (Scaridae),Parrotfishes > Parrotfishes (Scaridae),[1633.7876582790032]
3304591,Parrotfishes (Scaridae),Parrotfishes > Parrotfishes (Scaridae),[1633.7876582790032]
3304592,Parrotfishes (Scaridae),Parrotfishes > Parrotfishes (Scaridae),[1633.7876582790032]
3304593,Parrotfishes (Scaridae),Parrotfishes > Parrotfishes (Scaridae),[1633.7876582790032]
3304594,Parrotfishes (Scaridae),Parrotfishes > Parrotfishes (Scaridae),[1633.7876582790032]
3304595,Parrotfishes (Scaridae),Parrotfishes > Parrotfishes (Scaridae),[1633.7876582790032]
3304596,Parrotfishes (Scaridae),Parrotfishes > Parrotfishes (Scaridae),[1633.7876582790032]
3304597,Parrotfishes (Scaridae),Parrotfishes > Parrotfishes (Scaridae),[1633.7876582790032]
3304598,Parrotfishes (Scaridae),Parrotfishes > Parrotfishes (Scaridae),[1633.7876582790032]
3304599,Parrotfishes (Scaridae),Parrotfishes > Parrotfishes (Scaridae),[1633.7876582790032]
3304600,Parrotfishes (Scaridae),Parrotfishes > Parrotfishes (Scaridae),[1633.7876582790032]
3325727,Blue-green (Chromis viridis),Small Ovals - Damselfishes > Damselfishes (Pomacentridae) > Blue-green (Chromis viridis),[1650.772047994]
3325728,Blue-green (Chromis viridis),Small Ovals - Damselfishes > Damselfishes (Pomacentridae) > Blue-green (Chromis viridis),[1650.772047994]
3325729,Blue-green (Chromis viridis),Small Ovals - Damselfishes > Damselfishes (Pomacentridae) > Blue-green (Chromis viridis),[1650.772047994]
3325730,Blue-green (Chromis viridis),Small Ovals - Damselfishes > Damselfishes (Pomacentridae) > Blue-green (Chromis viridis),[1650.772047994]
3325731,Blue-green (Chromis viridis),Small Ovals - Damselfishes > Damselfishes (Pomacentridae) > Blue-green (Chromis viridis),[1650.772047994]
3325732,Blue-green (Chromis viridis),Small Ovals - Damselfishes > Damselfishes (Pomacentridae) > Blue-green (Chromis viridis),[1650.772047994]
3325733,Blue-green (Chromis viridis),Small Ovals - Damselfishes > Damselfishes (Pomacentridae) > Blue-green (Chromis viridis),[1650.772047994]
3325734,Blue-green (Chromis viridis),Small Ovals - Damselfishes > Damselfishes (Pomacentridae) > Blue-green (Chromis viridis),[1650.772047994]
3325735,Blue-green (Chromis viridis),Small Ovals - Damselfishes > Damselfishes (Pomacentridae) > Blue-green (Chromis viridis),[1650.772047994]
3325736,Blue-green (Chromis viridis),Small Ovals - Damselfishes > Damselfishes (Pomacentridae) > Blue-green (Chromis viridis),[1650.772047994]
3325737,Blue-green (Chromis viridis),Small Ovals - Damselfishes > Damselfishes (Pomacentridae) > Blue-green (Chromis viridis),[1650.772047994]
3325738,Blue-green (Chromis viridis),Small Ovals - Damselfishes > Damselfishes (Pomacentridae) > Blue-green (Chromis viridis),[1650.772047994]
3325739,Blue-green (Chromis viridis),Small Ovals - Damselfishes > Damselfishes (Pomacentridae) > Blue-green (Chromis viridis),[1650.772047994]
3325740,Blue-green (Chromis viridis),Small Ovals - Damselfishes > Damselfishes (Pomacentridae) > Blue-green (Chromis viridis),[1650.772047994]
3325741,Blue-green (Chromis viridis),Small Ovals - Damselfishes > Damselfishes (Pomacentridae) > Blue-green (Chromis viridis),[1650.772047994]
3325742,Blue-green (Chromis viridis),Small Ovals - Damselfishes > Damselfishes (Pomacentridae) > Blue-green (Chromis viridis),[1650.772047994]
3325743,Blue-green (Chromis viridis),Small Ovals - Damselfishes > Damselfishes (Pomacentridae) > Blue-green (Chromis viridis),[1650.772047994]
3325744,Blue-green (Chromis viridis),Small Ovals - Damselfishes > Damselfishes (Pomacentridae) > Blue-green (Chromis viridis),[1650.772047994]
3325745,Blue-green (Chromis viridis),Small Ovals - Damselfishes > Damselfishes (Pomacentridae) > Blue-green (Chromis viridis),[1650.772047994]
3325746,Blue-green (Chromis viridis),Small Ovals - Damselfishes > Damselfishes (Pomacentridae) > Blue-green (Chromis viridis),[1650.772047994]
3325747,Blue-green (Chromis viridis),Small Ovals - Damselfishes > Damselfishes (Pomacentridae) > Blue-green (Chromis viridis),[1650.772047994]
3325748,Blue-green (Chromis viridis),Small Ovals - Damselfishes > Damselfishes (Pomacentridae) > Blue-green (Chromis viridis),[1650.772047994]
3325749,Blue-green (Chromis viridis),Small Ovals - Damselfishes > Damselfishes (Pomacentridae) > Blue-green (Chromis viridis),[1650.772047994]
3325750,Blue-green (Chromis viridis),Small Ovals - Damselfishes > Damselfishes (Pomacentridae) > Blue-green (Chromis viridis),[1650.772047994]
3325751,Blue-green (Chromis viridis),Small Ovals - Damselfishes > Damselfishes (Pomacentridae) > Blue-green (Chromis viridis),[1650.772047994]
3325752,Blue-green (Chromis viridis),Small Ovals - Damselfishes > Damselfishes (Pomacentridae) > Blue-green (Chromis viridis),[1650.772047994]
3325753,Blue-green (Chromis viridis),Small Ovals - Damselfishes > Damselfishes (Pomacentridae) > Blue-green (Chromis viridis),[1650.772047994]
3325754,Blue-green (Chromis viridis),Small Ovals - Damselfishes > Damselfishes (Pomacentridae) > Blue-green (Chromis viridis),[1650.772047994]
3325755,Blue-green (Chromis viridis),Small Ovals - Damselfishes > Damselfishes (Pomacentridae) > Blue-green (Chromis viridis),[1650.772047994]
3325756,Blue-green (Chromis viridis),Small Ovals - Damselfishes > Damselfishes (Pomacentridae) > Blue-green (Chromis viridis),[1650.772047994]
3325757,Blue-green (Chromis viridis),Small Ovals - Damselfishes > Damselfishes (Pomacentridae) > Blue-green (Chromis viridis),[1650.772047994]
3325758,Blue-green (Chromis viridis),Small Ovals - Damselfishes > Damselfishes (Pomacentridae) > Blue-green (Chromis viridis),[1650.772047994]
3325759,Blue-green (Chromis viridis),Small Ovals - Damselfishes > Damselfishes (Pomacentridae) > Blue-green (Chromis viridis),[1650.772047994]
3325760,Blue-green (Chromis viridis),Small Ovals - Damselfishes > Damselfishes (Pomacentridae) > Blue-green (Chromis viridis),[1650.772047994]
3325761,Blue-green (Chromis viridis),Small Ovals - Damselfishes > Damselfishes (Pomacentridae) > Blue-green (Chromis viridis),[1650.772047994]
3325762,Blue-green (Chromis viridis),Small Ovals - Damselfishes > Damselfishes (Pomacentridae) > Blue-green (Chromis viridis),[1650.772047994]
3325763,Blue-green (Chromis viridis),Small Ovals - Damselfishes > Damselfishes (Pomacentridae) > Blue-green (Chromis viridis),[1650.772047994]
3325764,Blue-green (Chromis viridis),Small Ovals - Damselfishes > Damselfishes (Pomacentridae) > Blue-green (Chromis viridis),[1650.772047994]
3325765,Blue-green (Chromis viridis),Small Ovals - Damselfishes > Damselfishes (Pomacentridae) > Blue-green (Chromis viridis),[1650.772047994]
3325766,Blue-green (Chromis viridis),Small Ovals - Damselfishes > Damselfishes (Pomacentridae) > Blue-green (Chromis viridis),[1650.772047994]
3325767,Blue-green (Chromis viridis),Small Ovals - Damselfishes > Damselfishes (Pomacentridae) > Blue-green (Chromis viridis),[1650.772047994]
3325768,Blue-green (Chromis viridis),Small Ovals - Damselfishes > Damselfishes (Pomacentridae) > Blue-green (Chromis viridis),[1650.772047994]
3325769,Blue-green (Chromis viridis),Small Ovals - Damselfishes > Damselfishes (Pomacentridae) > Blue-green (Chromis viridis),[1650.772047994]
3325770,Blue-green (Chromis viridis),Small Ovals - Damselfishes > Damselfishes (Pomacentridae) > Blue-green (Chromis viridis),[1650.772047994]
3325771,Blue-green (Chromis viridis),Small Ovals - Damselfishes > Damselfishes (Pomacentridae) > Blue-green (Chromis viridis),[1650.772047994]
3325772,Blue-green (Chromis viridis),Small Ovals - Damselfishes > Damselfishes (Pomacentridae) > Blue-green (Chromis viridis),[1650.772047994]
3325773,Blue-green (Chromis viridis),Small Ovals - Damselfishes > Damselfishes (Pomacentridae) > Blue-green (Chromis viridis),[1650.772047994]
3325774,Blue-green (Chromis viridis),Small Ovals - Damselfishes > Damselfishes (Pomacentridae) > Blue-green (Chromis viridis),[1650.772047994]
3325775,Blue-green (Chromis viridis),Small Ovals - Damselfishes > Damselfishes (Pomacentridae) > Blue-green (Chromis viridis),[1650.772047994]
3325776,Blue-green (Chromis viridis),Small Ovals - Damselfishes > Damselfishes (Pomacentridae) > Blue-green (Chromis viridis),[1650.772047994]
3325777,Blue-green (Chromis viridis),Small Ovals - Damselfishes > Damselfishes (Pomacentridae) > Blue-green (Chromis viridis),[1650.772047994]
3325778,Blue-green (Chromis viridis),Small Ovals - Damselfishes > Damselfishes (Pomacentridae) > Blue-green (Chromis viridis),[1650.772047994]
3325779,Blue-green (Chromis viridis),Small Ovals - Damselfishes > Damselfishes (Pomacentridae) > Blue-green (Chromis viridis),[1650.772047994]
3325780,Blue-green (Chromis viridis),Small Ovals - Damselfishes > Damselfishes (Pomacentridae) > Blue-green (Chromis viridis),[1650.772047994]
3325781,Moon Feeding,Wrasses > Wrasses (Labridae) > Moon (Thalassoma lunare) > Moon Feeding,[1700.4343395259998]
3325782,Moon (Thalassoma lunare),Wrasses > Wrasses (Labridae) > Moon (Thalassoma lunare),[1704.3421729833333]
3325783,Moon (Thalassoma lunare),Wrasses > Wrasses (Labridae) > Moon (Thalassoma lunare),[1704.3421729833333]
3325784,Trumpetfish (Aulostomus chinensis),Odd-shaped Swimmers > Trumpetfishes (Aulostomidae) > Trumpetfish (Aulostomus chinensis),[1719.650020525]
3325785,False-eye (Abudefduf sparoides),Small Ovals - Damselfishes > Damselfishes (Pomacentridae) > False-eye (Abudefduf sparoides),[1786.99604398]
3325786,False-eye (Abudefduf sparoides),Small Ovals - Damselfishes > Damselfishes (Pomacentridae) > False-eye (Abudefduf sparoides),[1786.99604398]
3325788,Lined Bristletooth (Ctenochaetus striatus),Large Ovals > Surgeonfishes (Acanthuridae) > Lined Bristletooth (Ctenochaetus striatus),[1854.5627973446667]
3325789,Genus Caesio,Slender Schoolers/Colourful > Fusiliers (Caesionidae) > Genus Caesio,[1900.6555210786669]
3325790,Genus Caesio,Slender Schoolers/Colourful > Fusiliers (Caesionidae) > Genus Caesio,[1900.6555210786669]
3325791,Genus Caesio,Slender Schoolers/Colourful > Fusiliers (Caesionidae) > Genus Caesio,[1900.6555210786669]
3325792,Genus Caesio,Slender Schoolers/Colourful > Fusiliers (Caesionidae) > Genus Caesio,[1900.6555210786669]
3325793,Genus Caesio,Slender Schoolers/Colourful > Fusiliers (Caesionidae) > Genus Caesio,[1900.6555210786669]
3325794,Genus Caesio,Slender Schoolers/Colourful > Fusiliers (Caesionidae) > Genus Caesio,[1900.6555210786669]
3325795,Genus Caesio,Slender Schoolers/Colourful > Fusiliers (Caesionidae) > Genus Caesio,[1900.6555210786669]
3325796,Genus Caesio,Slender Schoolers/Colourful > Fusiliers (Caesionidae) > Genus Caesio,[1900.6555210786669]
3325797,Genus Caesio,Slender Schoolers/Colourful > Fusiliers (Caesionidae) > Genus Caesio,[1900.6555210786669]
3325798,Genus Caesio,Slender Schoolers/Colourful > Fusiliers (Caesionidae) > Genus Caesio,[1900.6555210786669]
3325799,Genus Caesio,Slender Schoolers/Colourful > Fusiliers (Caesionidae) > Genus Caesio,[1900.6555210786669]
3325800,Genus Caesio,Slender Schoolers/Colourful > Fusiliers (Caesionidae) > Genus Caesio,[1900.6555210786669]
3325801,Genus Caesio,Slender Schoolers/Colourful > Fusiliers (Caesionidae) > Genus Caesio,[1900.6555210786669]
3325802,Genus Caesio,Slender Schoolers/Colourful > Fusiliers (Caesionidae) > Genus Caesio,[1900.6555210786669]
3325803,Genus Caesio,Slender Schoolers/Colourful > Fusiliers (Caesionidae) > Genus Caesio,[1900.6555210786669]
3325804,Genus Caesio,Slender Schoolers/Colourful > Fusiliers (Caesionidae) > Genus Caesio,[1900.6555210786669]
3325805,Genus Caesio,Slender Schoolers/Colourful > Fusiliers (Caesionidae) > Genus Caesio,[1900.6555210786669]
3325806,Genus Caesio,Slender Schoolers/Colourful > Fusiliers (Caesionidae) > Genus Caesio,[1900.6555210786669]
3325807,Genus Caesio,Slender Schoolers/Colourful > Fusiliers (Caesionidae) > Genus Caesio,[1900.6555210786669]
3325808,Genus Caesio,Slender Schoolers/Colourful > Fusiliers (Caesionidae) > Genus Caesio,[1900.6555210786669]
3325809,Genus Caesio,Slender Schoolers/Colourful > Fusiliers (Caesionidae) > Genus Caesio,[1900.6555210786669]
3325810,Genus Caesio,Slender Schoolers/Colourful > Fusiliers (Caesionidae) > Genus Caesio,[1900.6555210786669]
3325811,Genus Caesio,Slender Schoolers/Colourful > Fusiliers (Caesionidae) > Genus Caesio,[1900.6555210786669]
3325812,Genus Caesio,Slender Schoolers/Colourful > Fusiliers (Caesionidae) > Genus Caesio,[1900.6555210786669]
3325813,Bluefin (Caranx melampygus),Silvery > Jacks/Trevallyes (Carangidae) > Bluefin (Caranx melampygus),[1918.1041415996663]
3325815,Paletail Unicorn (Naso brevirostris),Large Ovals > Surgeonfishes (Acanthuridae) > Paletail Unicorn (Naso brevirostris),[1948.1399555143335]
3325816,Sixbar (Thalassoma hardwicke),Wrasses > Wrasses (Labridae) > Sixbar (Thalassoma hardwicke),[1975.7805187846666]
3325817,Sixbar (Thalassoma hardwicke),Wrasses > Wrasses (Labridae) > Sixbar (Thalassoma hardwicke),[1975.7805187]
3325818,Piano Fangblenny (Plagiotremus tapeinosoma),Blennies > Blennies (Blenniidae) > Piano Fangblenny (Plagiotremus tapeinosoma),[2033.1787832809998]
3325825,Barred (Hemigymnus fasciatus),Wrasses > Wrasses (Labridae) > Barred (Hemigymnus fasciatus),[2139.76625379]
3325839,Brown Tang (Zebrasoma scopas),Large Ovals > Surgeonfishes (Acanthuridae) > Brown Tang (Zebrasoma scopas),[2277.3639830466664]
3325840,Brown Tang (Zebrasoma scopas),Large Ovals > Surgeonfishes (Acanthuridae) > Brown Tang (Zebrasoma scopas),[2277.3639830466664]
3325845,Blackeye (Hemigymnus melapterus),Wrasses > Wrasses (Labridae) > Blackeye (Hemigymnus melapterus),[2282.540087732]
3325848,Genus Soldier (Myripristis),Reddish/Big Eyes > Soldier-&Squirrelfishes (Holocentridae) > Genus Soldier (Myripristis),[2294.8063366240003]
3325849,Genus Soldier (Myripristis),Reddish/Big Eyes > Soldier-&Squirrelfishes (Holocentridae) > Genus Soldier (Myripristis),[2294.8063366240003]
3325850,Genus Soldier (Myripristis),Reddish/Big Eyes > Soldier-&Squirrelfishes (Holocentridae) > Genus Soldier (Myripristis),[2294.8063366240003]
3325863,Checkerboard (Halichoeres hortulanus),Wrasses > Wrasses (Labridae) > Checkerboard (Halichoeres hortulanus),[2329.916782349334]
3325865,Humphead (Cheilinus undulatus),Wrasses > Wrasses (Labridae) > Humphead (Cheilinus undulatus),[2357.991927403016]
3325893,Wrasses (Labridae),Wrasses > Wrasses (Labridae),[2576.617859368]
3326130,Sulfur (Pomacentrus sulfureus),Small Ovals - Damselfishes > Damselfishes (Pomacentridae) > Sulfur (Pomacentrus sulfureus),[2751.6281271830007]
3326149,Indian Redfin (Chaetodon trifasciatus),Disk-shaped/Colourful > Butterflyfishes (Chaetodontidae) > Indian Redfin (Chaetodon trifasciatus),[2757.078802133333]
3326150,Indian Redfin (Chaetodon trifasciatus),Disk-shaped/Colourful > Butterflyfishes (Chaetodontidae) > Indian Redfin (Chaetodon trifasciatus),[2757.078802133333]
3326151,Bicolor (Labroides bicolor),Wrasses > Wrasses (Labridae) > Bicolor (Labroides bicolor),[2772.917197032333]
3326152,Bicolor (Labroides bicolor),Wrasses > Wrasses (Labridae) > Bicolor (Labroides bicolor),[2772.917197032333]
3326167,Goldbar (Thalassoma hebraicum),Wrasses > Wrasses (Labridae) > Goldbar (Thalassoma hebraicum),[2779.198028731668]
3326168,Goldbar (Thalassoma hebraicum),Wrasses > Wrasses (Labridae) > Goldbar (Thalassoma hebraicum),[2779.198028731668]
3326188,Goldbar Feeding,Wrasses > Wrasses (Labridae) > Goldbar (Thalassoma hebraicum) > Goldbar Feeding,[2780.642669793001]
3326189,Goldbar Feeding,Wrasses > Wrasses (Labridae) > Goldbar (Thalassoma hebraicum) > Goldbar Feeding,[2780.642669793001]
3326201,Black-lipped Feeding,Disk-shaped/Colourful > Butterflyfishes (Chaetodontidae) > Black-lipped (Chaetodon kleinii) > Black-lipped Feeding,[2782.0304774903348]
3326542,Slingjaw (Epibulus insidiator),Wrasses > Wrasses (Labridae) > Slingjaw (Epibulus insidiator),[2878.760494682]
3326543,Brown Pigmy (Centropyge multispinis),Disk-shaped/Colourful > Angelfishes (Pomacanthidae) > Brown Pigmy (Centropyge multispinis),[2901.704421600001]
3326544,Brown Pigmy (Centropyge multispinis),Disk-shaped/Colourful > Angelfishes (Pomacanthidae) > Brown Pigmy (Centropyge multispinis),[2901.704421600001]
3326545,Genus Squirrel (Sargocentron),Reddish/Big Eyes > Soldier-&Squirrelfishes (Holocentridae) > Genus Squirrel (Sargocentron),[2948.7278338993347]
3326546,Genus Squirrel (Sargocentron),Reddish/Big Eyes > Soldier-&Squirrelfishes (Holocentridae) > Genus Squirrel (Sargocentron),[2948.7278338993347]
3326547,Genus Squirrel (Sargocentron),Reddish/Big Eyes > Soldier-&Squirrelfishes (Holocentridae) > Genus Squirrel (Sargocentron),[2948.7278338993347]
3326548,Genus Squirrel (Sargocentron),Reddish/Big Eyes > Soldier-&Squirrelfishes (Holocentridae) > Genus Squirrel (Sargocentron),[2948.7278338993347]
3326549,Genus Squirrel (Sargocentron),Reddish/Big Eyes > Soldier-&Squirrelfishes (Holocentridae) > Genus Squirrel (Sargocentron),[2948.7278338993347]
3326550,Genus Squirrel (Sargocentron),Reddish/Big Eyes > Soldier-&Squirrelfishes (Holocentridae) > Genus Squirrel (Sargocentron),[2948.7278338993347]
3326551,Genus Squirrel (Sargocentron),Reddish/Big Eyes > Soldier-&Squirrelfishes (Holocentridae) > Genus Squirrel (Sargocentron),[2948.7278338993347]
3326552,Genus Squirrel (Sargocentron),Reddish/Big Eyes > Soldier-&Squirrelfishes (Holocentridae) > Genus Squirrel (Sargocentron),[2948.7278338993347]
3327066,Eclipse (Chaetodon bennetti),Disk-shaped/Colourful > Butterflyfishes (Chaetodontidae) > Eclipse (Chaetodon bennetti),[3192.878283924]
3327131,Brown Tang (Zebrasoma scopas),Large Ovals > Surgeonfishes (Acanthuridae) > Brown Tang (Zebrasoma scopas),[3371.728667644]
3327132,Brown Tang (Zebrasoma scopas),Large Ovals > Surgeonfishes (Acanthuridae) > Brown Tang (Zebrasoma scopas),[3371.728667644]
3327133,Brown Tang (Zebrasoma scopas),Large Ovals > Surgeonfishes (Acanthuridae) > Brown Tang (Zebrasoma scopas),[3371.728667644]
3327136,Honeycomb (Siganus stellatus),Large Ovals > Rabbitfishes (Siganidae) > Honeycomb (Siganus stellatus),[3417.089846276]
3327137,Honeycomb (Siganus stellatus),Large Ovals > Rabbitfishes (Siganidae) > Honeycomb (Siganus stellatus),[3417.089846276]
3559387,Freckled (Paracirrhites forsteri),Heavy Bodies/Large Lips > Hawkfishes (Cirrhitidae) > Freckled (Paracirrhites forsteri),[341.0132463]
3559389,Freckled (Paracirrhites forsteri),Heavy Bodies/Large Lips > Hawkfishes (Cirrhitidae) > Freckled (Paracirrhites forsteri),[376.330529]
3559390,Linedcheeked (Oxycheilinus digramma),Wrasses > Wrasses (Labridae) > Linedcheeked (Oxycheilinus digramma),[520.4049286]
3559392,Orange-lined (Balistapus undulatus),Odd-shaped Swimmers > Triggerfishes (Balistidae) > Orange-lined (Balistapus undulatus),[2123.353384]
3559393,Orange-lined (Balistapus undulatus),Odd-shaped Swimmers > Triggerfishes (Balistidae) > Orange-lined (Balistapus undulatus),[2123.353384]
3559394,Orange-lined (Balistapus undulatus),Odd-shaped Swimmers > Triggerfishes (Balistidae) > Orange-lined (Balistapus undulatus),[2123.353384]
3559395,Orange-lined (Balistapus undulatus),Odd-shaped Swimmers > Triggerfishes (Balistidae) > Orange-lined (Balistapus undulatus),[2123.353384]
3559396,Orange-lined (Balistapus undulatus),Odd-shaped Swimmers > Triggerfishes (Balistidae) > Orange-lined (Balistapus undulatus),[2123.353384]
3559397,Pyramid (Hemitaurichthys zoster),Disk-shaped/Colourful > Butterflyfishes (Chaetodontidae) > Pyramid (Hemitaurichthys zoster),[2696.6113848]
3620589,Tunas/Mackerels (Scombridae),Silvery > Tunas/Mackerels (Scombridae),[103.676489]
