video_annotation_label_id,label_name,label_hierarchy,unspecific,family,genus,species,frames
3401969,Green (Amblyglyphidodon indicus),Small Ovals - Damselfishes > Damselfishes (Pomacentridae) > Green (Amblyglyphidodon indicus),Small Ovals - Damselfishes,Pomacentridae,Amblyglyphidodon,Green (Amblyglyphidodon indicus),[0.4013191]
3401970,Moon (Thalassoma lunare),Wrasses > Wrasses (Labridae) > Moon (Thalassoma lunare),Wrasses,Labridae,Thalassoma,Moon (Thalassoma lunare),[2.3363774]
3401971,Freckled (Paracirrhites forsteri),Heavy Bodies/Large Lips > Hawkfishes (Cirrhitidae) > Freckled (Paracirrhites forsteri),Heavy Bodies/Large Lips,Cirrhitidae,Paracirrhites,Freckled (Paracirrhites forsteri),[2.3547887]
3401972,Orange-lined (Balistapus undulatus),Odd-shaped Swimmers > Triggerfishes (Balistidae) > Orange-lined (Balistapus undulatus),Odd-shaped Swimmers,Balistidae,Balistapus,Orange-lined (Balistapus undulatus),[4.6660743]
3401973,Genus Squirrel (Sargocentron),Reddish/Big Eyes > Soldier-&Squirrelfishes (Holocentridae) > Genus Squirrel (Sargocentron),Reddish/Big Eyes,Holocentridae,Sargocentron,Genus Squirrel (Sargocentron),[11.5722911]
3401974,Indian Half-and-Half (Pycnochromis dimidiatus),Small Ovals - Damselfishes > Damselfishes (Pomacentridae) > Indian Half-and-Half (Pycnochromis dimidiatus),Small Ovals - Damselfishes,Pomacentridae,Pycnochromis,Indian Half-and-Half (Pycnochromis dimidiatus),[23.3356829]
3401975,Goldbar (Thalassoma hebraicum),Wrasses > Wrasses (Labridae) > Goldbar (Thalassoma hebraicum),Wrasses,Labridae,Thalassoma,Goldbar (Thalassoma hebraicum),[47.1999757]
3401976,Moon (Thalassoma lunare),Wrasses > Wrasses (Labridae) > Moon (Thalassoma lunare),Wrasses,Labridae,Thalassoma,Moon (Thalassoma lunare),[54.2648717]
3401977,Moon (Thalassoma lunare),Wrasses > Wrasses (Labridae) > Moon (Thalassoma lunare),Wrasses,Labridae,Thalassoma,Moon (Thalassoma lunare),[54.2648717]
3401978,Moon (Thalassoma lunare),Wrasses > Wrasses (Labridae) > Moon (Thalassoma lunare),Wrasses,Labridae,Thalassoma,Moon (Thalassoma lunare),[54.2648717]
3401979,Leopard (Cephalopholis leopardus),Heavy Bodies/Large Lips > Groupers (Serranidae) > Leopard (Cephalopholis leopardus),Heavy Bodies/Large Lips,Serranidae,Cephalopholis,Leopard (Cephalopholis leopardus),[54.2648717]
3401980,Red (Lutjanus bohar),Sloping Heads > Snappers (Lutjanidae) > Red (Lutjanus bohar),Sloping Heads,Lutjanidae,Lutjanus,Red (Lutjanus bohar),[54.2648717]
3401981,Orange-lined (Balistapus undulatus),Odd-shaped Swimmers > Triggerfishes (Balistidae) > Orange-lined (Balistapus undulatus),Odd-shaped Swimmers,Balistidae,Balistapus,Orange-lined (Balistapus undulatus),[64.5019108]
3401982,Orange-lined (Balistapus undulatus),Odd-shaped Swimmers > Triggerfishes (Balistidae) > Orange-lined (Balistapus undulatus),Odd-shaped Swimmers,Balistidae,Balistapus,Orange-lined (Balistapus undulatus),[64.5019108]
3401985,Genus Soldier (Myripristis),Reddish/Big Eyes > Soldier-&Squirrelfishes (Holocentridae) > Genus Soldier (Myripristis),Reddish/Big Eyes,Holocentridae,Myripristis,Genus Soldier (Myripristis),[83.2677502]
3401986,Surgeonfishes (Acanthuridae),Large Ovals > Surgeonfishes (Acanthuridae),Large Ovals,Acanthuridae,Acanthuridae,Surgeonfishes (Acanthuridae),[97.4750553]
3401990,Genus Chromis,Small Ovals - Damselfishes > Damselfishes (Pomacentridae) > Genus Chromis,Small Ovals - Damselfishes,Pomacentridae,,Genus Chromis,[125.3380786]
3401991,Bird wrasse (Gomphosus caeruleus),Wrasses > Wrasses (Labridae) > Bird wrasse (Gomphosus caeruleus),Wrasses,Labridae,Gomphosus,Bird wrasse (Gomphosus caeruleus),[134.8040915]
3401992,Goldbar Interested,Wrasses > Wrasses (Labridae) > Goldbar (Thalassoma hebraicum) > Goldbar Interested,Wrasses,Labridae,,Goldbar Interested,[160.5285878]
3401993,Moon Interested,Wrasses > Wrasses (Labridae) > Moon (Thalassoma lunare) > Moon Interested,Wrasses,Labridae,,Moon Interested,[160.5285878]
3401994,Red Interested,Sloping Heads > Snappers (Lutjanidae) > Red (Lutjanus bohar) > Red Interested,Sloping Heads,Lutjanidae,,Red Interested,[164.7993977]
3401995,Whitetail (Acanthurus thompsoni),Large Ovals > Surgeonfishes (Acanthuridae) > Whitetail (Acanthurus thompsoni),Large Ovals,Acanthuridae,Acanthurus,Whitetail (Acanthurus thompsoni),[167.6112901]
3401997,Green (Amblyglyphidodon indicus),Small Ovals - Damselfishes > Damselfishes (Pomacentridae) > Green (Amblyglyphidodon indicus),Small Ovals - Damselfishes,Pomacentridae,Amblyglyphidodon,Green (Amblyglyphidodon indicus),[176.0778606]
3401998,Green (Amblyglyphidodon indicus),Small Ovals - Damselfishes > Damselfishes (Pomacentridae) > Green (Amblyglyphidodon indicus),Small Ovals - Damselfishes,Pomacentridae,Amblyglyphidodon,Green (Amblyglyphidodon indicus),[176.0778606]
3401999,Moorish Idol (Zanclus cornutus),Large Ovals > Moorish Idol (Zanclidae) > Moorish Idol (Zanclus cornutus),Large Ovals,Zanclidae,Zanclus,Moorish Idol (Zanclus cornutus),[179.3101057]
3402000,Longbarbel (Parupeneus macronemus),Odd-shaped Swimmers > Goatfishes (Mullidae) > Longbarbel (Parupeneus macronemus),Odd-shaped Swimmers,Mullidae,Parupeneus,Longbarbel (Parupeneus macronemus),[185.7859033]
3402005,Moon Feeding,Wrasses > Wrasses (Labridae) > Moon (Thalassoma lunare) > Moon Feeding,Wrasses,Labridae,,Moon Feeding,[215.2176507]
3402006,Parrotfishes (Scaridae),Parrotfishes > Parrotfishes (Scaridae),Parrotfishes,Scaridae,Scaridae,Parrotfishes (Scaridae),[214.9496475]
3402007,Goldbar Feeding,Wrasses > Wrasses (Labridae) > Goldbar (Thalassoma hebraicum) > Goldbar Feeding,Wrasses,Labridae,,Goldbar Feeding,[221.6401597]
3402008,Red Feeding,Sloping Heads > Snappers (Lutjanidae) > Red (Lutjanus bohar) > Red Feeding,Sloping Heads,Lutjanidae,,Red Feeding,[228.5089376]
3402009,Genus Soldier (Myripristis),Reddish/Big Eyes > Soldier-&Squirrelfishes (Holocentridae) > Genus Soldier (Myripristis),Reddish/Big Eyes,Holocentridae,Myripristis,Genus Soldier (Myripristis),[230.8582564]
3402010,Genus Soldier (Myripristis),Reddish/Big Eyes > Soldier-&Squirrelfishes (Holocentridae) > Genus Soldier (Myripristis),Reddish/Big Eyes,Holocentridae,Myripristis,Genus Soldier (Myripristis),[230.8582564]
3402011,Wrasses (Labridae),Wrasses > Wrasses (Labridae),Wrasses,Labridae,Labridae,Wrasses (Labridae),[286.9590458]
3402012,Lined Bristletooth (Ctenochaetus striatus),Large Ovals > Surgeonfishes (Acanthuridae) > Lined Bristletooth (Ctenochaetus striatus),Large Ovals,Acanthuridae,Ctenochaetus,Lined Bristletooth (Ctenochaetus striatus),[294.8501845]
3402013,Sulfur (Pomacentrus sulfureus),Small Ovals - Damselfishes > Damselfishes (Pomacentridae) > Sulfur (Pomacentrus sulfureus),Small Ovals - Damselfishes,Pomacentridae,Pomacentrus,Sulfur (Pomacentrus sulfureus),[352.946325]
3402014,Brown Pigmy (Centropyge multispinis),Disk-shaped/Colourful > Angelfishes (Pomacanthidae) > Brown Pigmy (Centropyge multispinis),Disk-shaped/Colourful,Pomacanthidae,Centropyge,Brown Pigmy (Centropyge multispinis),[370.1412408]
3402015,Five-saddle (Scarus saber),Parrotfishes > Parrotfishes (Scaridae) > Five-saddle (Scarus saber),Parrotfishes,Scaridae,Scarus,Five-saddle (Scarus saber),[371.6679809]
3402017,Checkerboard (Halichoeres hortulanus),Wrasses > Wrasses (Labridae) > Checkerboard (Halichoeres hortulanus),Wrasses,Labridae,Halichoeres,Checkerboard (Halichoeres hortulanus),[424.0263984]
3402018,Brown Tang (Zebrasoma scopas),Large Ovals > Surgeonfishes (Acanthuridae) > Brown Tang (Zebrasoma scopas),Large Ovals,Acanthuridae,Zebrasoma,Brown Tang (Zebrasoma scopas),[455.0564202]
3402019,Brown Tang (Zebrasoma scopas),Large Ovals > Surgeonfishes (Acanthuridae) > Brown Tang (Zebrasoma scopas),Large Ovals,Acanthuridae,Zebrasoma,Brown Tang (Zebrasoma scopas),[476.07585716366674]
3402020,Slingjaw (Epibulus insidiator),Wrasses > Wrasses (Labridae) > Slingjaw (Epibulus insidiator),Wrasses,Labridae,Epibulus,Slingjaw (Epibulus insidiator),[591.3968665]
3402021,Moon Feeding,Wrasses > Wrasses (Labridae) > Moon (Thalassoma lunare) > Moon Feeding,Wrasses,Labridae,,Moon Feeding,[611.7286861]
3402022,Golden (Ctenochaetus truncates),Large Ovals > Surgeonfishes (Acanthuridae) > Golden (Ctenochaetus truncates),Large Ovals,Acanthuridae,Ctenochaetus,Golden (Ctenochaetus truncates),[651.5060644]
3402023,Golden (Ctenochaetus truncates),Large Ovals > Surgeonfishes (Acanthuridae) > Golden (Ctenochaetus truncates),Large Ovals,Acanthuridae,Ctenochaetus,Golden (Ctenochaetus truncates),[669.4625106]
3402024,Golden (Ctenochaetus truncates),Large Ovals > Surgeonfishes (Acanthuridae) > Golden (Ctenochaetus truncates),Large Ovals,Acanthuridae,Ctenochaetus,Golden (Ctenochaetus truncates),[669.4625106]
3402025,Trumpetfish (Aulostomus chinensis),Odd-shaped Swimmers > Trumpetfishes (Aulostomidae) > Trumpetfish (Aulostomus chinensis),Odd-shaped Swimmers,Aulostomidae,Aulostomus,Trumpetfish (Aulostomus chinensis),[688.0842618]
3402026,Groupers (Serranidae),Heavy Bodies/Large Lips > Groupers (Serranidae),Heavy Bodies/Large Lips,Serranidae,Serranidae,Groupers (Serranidae),[695.1909036]
3402027,Bicolor (Labroides bicolor),Wrasses > Wrasses (Labridae) > Bicolor (Labroides bicolor),Wrasses,Labridae,Labroides,Bicolor (Labroides bicolor),[707.8223174]
3402028,Black-lipped (Chaetodon kleinii),Disk-shaped/Colourful > Butterflyfishes (Chaetodontidae) > Black-lipped (Chaetodon kleinii),Disk-shaped/Colourful,Chaetodontidae,Chaetodon,Black-lipped (Chaetodon kleinii),[731.8675181]
3402029,Parrotfishes (Scaridae),Parrotfishes > Parrotfishes (Scaridae),Parrotfishes,Scaridae,Scaridae,Parrotfishes (Scaridae),[739.0314658]
3402030,Parrotfishes (Scaridae),Parrotfishes > Parrotfishes (Scaridae),Parrotfishes,Scaridae,Scaridae,Parrotfishes (Scaridae),[739.0314658]
3402031,Redmouth (Aethaloperca rogaa),Heavy Bodies/Large Lips > Groupers (Serranidae) > Redmouth (Aethaloperca rogaa),Heavy Bodies/Large Lips,Serranidae,Aethaloperca,Redmouth (Aethaloperca rogaa),[742.1143898]
3402032,Elegant Unicorn (Naso elegans),Large Ovals > Surgeonfishes (Acanthuridae) > Elegant Unicorn (Naso elegans),Large Ovals,Acanthuridae,Naso,Elegant Unicorn (Naso elegans),[876.9380453]
3402033,Regal (Pygoplites diacanthus),Disk-shaped/Colourful > Angelfishes (Pomacanthidae) > Regal (Pygoplites diacanthus),Disk-shaped/Colourful,Pomacanthidae,Pygoplites,Regal (Pygoplites diacanthus),[938.8418309]
3402034,Moorish Idol (Zanclus cornutus),Large Ovals > Moorish Idol (Zanclidae) > Moorish Idol (Zanclus cornutus),Large Ovals,Zanclidae,Zanclus,Moorish Idol (Zanclus cornutus),[954.2907871]
3402035,Moorish Idol (Zanclus cornutus),Large Ovals > Moorish Idol (Zanclidae) > Moorish Idol (Zanclus cornutus),Large Ovals,Zanclidae,Zanclus,Moorish Idol (Zanclus cornutus),[954.2907871]
3402036,Raccoon (Chaetodon lunula),Disk-shaped/Colourful > Butterflyfishes (Chaetodontidae) > Raccoon (Chaetodon lunula),Disk-shaped/Colourful,Chaetodontidae,Chaetodon,Raccoon (Chaetodon lunula),[969.5101164]
3402038,Jacks/Trevallyes (Carangidae),Silvery > Jacks/Trevallyes (Carangidae),Silvery,Carangidae,Carangidae,Jacks/Trevallyes (Carangidae),[991.2403476]
3402039,Jacks/Trevallyes (Carangidae),Silvery > Jacks/Trevallyes (Carangidae),Silvery,Carangidae,Carangidae,Jacks/Trevallyes (Carangidae),[991.2403476]
3402040,Fusiliers (Caesionidae),Slender Schoolers/Colourful > Fusiliers (Caesionidae),Slender Schoolers/Colourful,Caesionidae,Caesionidae,Fusiliers (Caesionidae),[1059.4361178]
3402041,Fusiliers (Caesionidae),Slender Schoolers/Colourful > Fusiliers (Caesionidae),Slender Schoolers/Colourful,Caesionidae,Caesionidae,Fusiliers (Caesionidae),[1059.4361178]
3402042,Fusiliers (Caesionidae),Slender Schoolers/Colourful > Fusiliers (Caesionidae),Slender Schoolers/Colourful,Caesionidae,Caesionidae,Fusiliers (Caesionidae),[1059.4361178]
3402043,Fusiliers (Caesionidae),Slender Schoolers/Colourful > Fusiliers (Caesionidae),Slender Schoolers/Colourful,Caesionidae,Caesionidae,Fusiliers (Caesionidae),[1059.4361178]
3402044,Fusiliers (Caesionidae),Slender Schoolers/Colourful > Fusiliers (Caesionidae),Slender Schoolers/Colourful,Caesionidae,Caesionidae,Fusiliers (Caesionidae),[1059.4361178]
3402045,Fusiliers (Caesionidae),Slender Schoolers/Colourful > Fusiliers (Caesionidae),Slender Schoolers/Colourful,Caesionidae,Caesionidae,Fusiliers (Caesionidae),[1059.4361178]
3402046,Fusiliers (Caesionidae),Slender Schoolers/Colourful > Fusiliers (Caesionidae),Slender Schoolers/Colourful,Caesionidae,Caesionidae,Fusiliers (Caesionidae),[1059.4361178]
3402047,Fusiliers (Caesionidae),Slender Schoolers/Colourful > Fusiliers (Caesionidae),Slender Schoolers/Colourful,Caesionidae,Caesionidae,Fusiliers (Caesionidae),[1059.4361178]
3402048,Fusiliers (Caesionidae),Slender Schoolers/Colourful > Fusiliers (Caesionidae),Slender Schoolers/Colourful,Caesionidae,Caesionidae,Fusiliers (Caesionidae),[1059.4361178]
3402049,Fusiliers (Caesionidae),Slender Schoolers/Colourful > Fusiliers (Caesionidae),Slender Schoolers/Colourful,Caesionidae,Caesionidae,Fusiliers (Caesionidae),[1059.4361178]
3402050,Fusiliers (Caesionidae),Slender Schoolers/Colourful > Fusiliers (Caesionidae),Slender Schoolers/Colourful,Caesionidae,Caesionidae,Fusiliers (Caesionidae),[1059.4361178]
3402051,Fusiliers (Caesionidae),Slender Schoolers/Colourful > Fusiliers (Caesionidae),Slender Schoolers/Colourful,Caesionidae,Caesionidae,Fusiliers (Caesionidae),[1059.4361178]
3402052,Fusiliers (Caesionidae),Slender Schoolers/Colourful > Fusiliers (Caesionidae),Slender Schoolers/Colourful,Caesionidae,Caesionidae,Fusiliers (Caesionidae),[1059.4361178]
3402053,Fusiliers (Caesionidae),Slender Schoolers/Colourful > Fusiliers (Caesionidae),Slender Schoolers/Colourful,Caesionidae,Caesionidae,Fusiliers (Caesionidae),[1059.4361178]
3402054,Disappearing (Pseudocheilinus evanidus),Wrasses > Wrasses (Labridae) > Disappearing (Pseudocheilinus evanidus),Wrasses,Labridae,Pseudocheilinus,Disappearing (Pseudocheilinus evanidus),[1194.1116044]
3402055,Swarthy (Scarus niger),Parrotfishes > Parrotfishes (Scaridae) > Swarthy (Scarus niger),Parrotfishes,Scaridae,Scarus,Swarthy (Scarus niger),[1233.5080178]
3402057,Blackeye (Hemigymnus melapterus),Wrasses > Wrasses (Labridae) > Blackeye (Hemigymnus melapterus),Wrasses,Labridae,Hemigymnus,Blackeye (Hemigymnus melapterus),[1237.4610161]
3402058,Genus Soldier (Myripristis),Reddish/Big Eyes > Soldier-&Squirrelfishes (Holocentridae) > Genus Soldier (Myripristis),Reddish/Big Eyes,Holocentridae,Myripristis,Genus Soldier (Myripristis),[1239.6311715]
3402059,Genus Soldier (Myripristis),Reddish/Big Eyes > Soldier-&Squirrelfishes (Holocentridae) > Genus Soldier (Myripristis),Reddish/Big Eyes,Holocentridae,Myripristis,Genus Soldier (Myripristis),[1239.6311715]
3402060,Genus Soldier (Myripristis),Reddish/Big Eyes > Soldier-&Squirrelfishes (Holocentridae) > Genus Soldier (Myripristis),Reddish/Big Eyes,Holocentridae,Myripristis,Genus Soldier (Myripristis),[1239.6311715]
3402061,Genus Soldier (Myripristis),Reddish/Big Eyes > Soldier-&Squirrelfishes (Holocentridae) > Genus Soldier (Myripristis),Reddish/Big Eyes,Holocentridae,Myripristis,Genus Soldier (Myripristis),[1239.6311715]
3402062,Barred (Hemigymnus fasciatus),Wrasses > Wrasses (Labridae) > Barred (Hemigymnus fasciatus),Wrasses,Labridae,Hemigymnus,Barred (Hemigymnus fasciatus),[1247.4849517]
3402071,Sailfin Tang (Zebrasoma desjardinii),Large Ovals > Surgeonfishes (Acanthuridae) > Sailfin Tang (Zebrasoma desjardinii),Large Ovals,Acanthuridae,Zebrasoma,Sailfin Tang (Zebrasoma desjardinii),[1448.0652567]
3402072,Raccoon (Chaetodon lunula),Disk-shaped/Colourful > Butterflyfishes (Chaetodontidae) > Raccoon (Chaetodon lunula),Disk-shaped/Colourful,Chaetodontidae,Chaetodon,Raccoon (Chaetodon lunula),[1470.9659545]
3402073,Raccoon (Chaetodon lunula),Disk-shaped/Colourful > Butterflyfishes (Chaetodontidae) > Raccoon (Chaetodon lunula),Disk-shaped/Colourful,Chaetodontidae,Chaetodon,Raccoon (Chaetodon lunula),[1470.9659545]
3402075,Parrotfishes (Scaridae),Parrotfishes > Parrotfishes (Scaridae),Parrotfishes,Scaridae,Scaridae,Parrotfishes (Scaridae),[1591.1899867]
3402076,Parrotfishes (Scaridae),Parrotfishes > Parrotfishes (Scaridae),Parrotfishes,Scaridae,Scaridae,Parrotfishes (Scaridae),[1591.1899867]
3402077,Parrotfishes (Scaridae),Parrotfishes > Parrotfishes (Scaridae),Parrotfishes,Scaridae,Scaridae,Parrotfishes (Scaridae),[1591.1899867]
3402078,Parrotfishes (Scaridae),Parrotfishes > Parrotfishes (Scaridae),Parrotfishes,Scaridae,Scaridae,Parrotfishes (Scaridae),[1591.1899867]
3402079,Parrotfishes (Scaridae),Parrotfishes > Parrotfishes (Scaridae),Parrotfishes,Scaridae,Scaridae,Parrotfishes (Scaridae),[1591.1899867]
3402080,Parrotfishes (Scaridae),Parrotfishes > Parrotfishes (Scaridae),Parrotfishes,Scaridae,Scaridae,Parrotfishes (Scaridae),[1591.1899867]
3402081,Parrotfishes (Scaridae),Parrotfishes > Parrotfishes (Scaridae),Parrotfishes,Scaridae,Scaridae,Parrotfishes (Scaridae),[1591.1899867]
3402082,Parrotfishes (Scaridae),Parrotfishes > Parrotfishes (Scaridae),Parrotfishes,Scaridae,Scaridae,Parrotfishes (Scaridae),[1591.1899867]
3402083,Parrotfishes (Scaridae),Parrotfishes > Parrotfishes (Scaridae),Parrotfishes,Scaridae,Scaridae,Parrotfishes (Scaridae),[1591.1899867]
3402085,Indian Redfin (Chaetodon trifasciatus),Disk-shaped/Colourful > Butterflyfishes (Chaetodontidae) > Indian Redfin (Chaetodon trifasciatus),Disk-shaped/Colourful,Chaetodontidae,Chaetodon,Indian Redfin (Chaetodon trifasciatus),[1625.55148]
3402086,Bird wrasse (Gomphosus caeruleus),Wrasses > Wrasses (Labridae) > Bird wrasse (Gomphosus caeruleus),Wrasses,Labridae,Gomphosus,Bird wrasse (Gomphosus caeruleus),[1646.481005]
3402087,Bird wrasse (Gomphosus caeruleus),Wrasses > Wrasses (Labridae) > Bird wrasse (Gomphosus caeruleus),Wrasses,Labridae,Gomphosus,Bird wrasse (Gomphosus caeruleus),[1646.481005]
3402088,Indian Redfin (Chaetodon trifasciatus),Disk-shaped/Colourful > Butterflyfishes (Chaetodontidae) > Indian Redfin (Chaetodon trifasciatus),Disk-shaped/Colourful,Chaetodontidae,Chaetodon,Indian Redfin (Chaetodon trifasciatus),[1762.4992372]
3402089,Indian Redfin (Chaetodon trifasciatus),Disk-shaped/Colourful > Butterflyfishes (Chaetodontidae) > Indian Redfin (Chaetodon trifasciatus),Disk-shaped/Colourful,Chaetodontidae,Chaetodon,Indian Redfin (Chaetodon trifasciatus),[1762.4992372]
3402090,Sidespot (Parupeneus pleurostigma),Odd-shaped Swimmers > Goatfishes (Mullidae) > Sidespot (Parupeneus pleurostigma),Odd-shaped Swimmers,Mullidae,Parupeneus,Sidespot (Parupeneus pleurostigma),[1783.6658318]
3430259,Bullethead (Chlorurus sordidus),Parrotfishes > Parrotfishes (Scaridae) > Bullethead (Chlorurus sordidus),Parrotfishes,Scaridae,Chlorurus,Bullethead (Chlorurus sordidus),[1836.5657025]
3430260,Spotted (Chaetodon guttatissimus),Disk-shaped/Colourful > Butterflyfishes (Chaetodontidae) > Spotted (Chaetodon guttatissimus),Disk-shaped/Colourful,Chaetodontidae,Chaetodon,Spotted (Chaetodon guttatissimus),[1861.9738261]
3430261,Spotted (Chaetodon guttatissimus),Disk-shaped/Colourful > Butterflyfishes (Chaetodontidae) > Spotted (Chaetodon guttatissimus),Disk-shaped/Colourful,Chaetodontidae,Chaetodon,Spotted (Chaetodon guttatissimus),[1861.9738261]
3430262,Whitetail (Acanthurus thompsoni),Large Ovals > Surgeonfishes (Acanthuridae) > Whitetail (Acanthurus thompsoni),Large Ovals,Acanthuridae,Acanthurus,Whitetail (Acanthurus thompsoni),[1952.9586069]
3430263,Whitetail (Acanthurus thompsoni),Large Ovals > Surgeonfishes (Acanthuridae) > Whitetail (Acanthurus thompsoni),Large Ovals,Acanthuridae,Acanthurus,Whitetail (Acanthurus thompsoni),[1952.9586069]
3430264,Whitetail (Acanthurus thompsoni),Large Ovals > Surgeonfishes (Acanthuridae) > Whitetail (Acanthurus thompsoni),Large Ovals,Acanthuridae,Acanthurus,Whitetail (Acanthurus thompsoni),[1952.9586069]
3430266,Fusiliers (Caesionidae),Slender Schoolers/Colourful > Fusiliers (Caesionidae),Slender Schoolers/Colourful,Caesionidae,Caesionidae,Fusiliers (Caesionidae),[2392.4044165]
3430267,Fusiliers (Caesionidae),Slender Schoolers/Colourful > Fusiliers (Caesionidae),Slender Schoolers/Colourful,Caesionidae,Caesionidae,Fusiliers (Caesionidae),[2392.4044165]
3430268,Fusiliers (Caesionidae),Slender Schoolers/Colourful > Fusiliers (Caesionidae),Slender Schoolers/Colourful,Caesionidae,Caesionidae,Fusiliers (Caesionidae),[2392.4044165]
3430269,Fusiliers (Caesionidae),Slender Schoolers/Colourful > Fusiliers (Caesionidae),Slender Schoolers/Colourful,Caesionidae,Caesionidae,Fusiliers (Caesionidae),[2392.4044165]
3430270,Fusiliers (Caesionidae),Slender Schoolers/Colourful > Fusiliers (Caesionidae),Slender Schoolers/Colourful,Caesionidae,Caesionidae,Fusiliers (Caesionidae),[2392.4044165]
3430271,Fusiliers (Caesionidae),Slender Schoolers/Colourful > Fusiliers (Caesionidae),Slender Schoolers/Colourful,Caesionidae,Caesionidae,Fusiliers (Caesionidae),[2392.4044165]
3430272,Fusiliers (Caesionidae),Slender Schoolers/Colourful > Fusiliers (Caesionidae),Slender Schoolers/Colourful,Caesionidae,Caesionidae,Fusiliers (Caesionidae),[2392.4044165]
3430273,Fusiliers (Caesionidae),Slender Schoolers/Colourful > Fusiliers (Caesionidae),Slender Schoolers/Colourful,Caesionidae,Caesionidae,Fusiliers (Caesionidae),[2392.4044165]
3430274,Fusiliers (Caesionidae),Slender Schoolers/Colourful > Fusiliers (Caesionidae),Slender Schoolers/Colourful,Caesionidae,Caesionidae,Fusiliers (Caesionidae),[2392.4044165]
3430275,Fusiliers (Caesionidae),Slender Schoolers/Colourful > Fusiliers (Caesionidae),Slender Schoolers/Colourful,Caesionidae,Caesionidae,Fusiliers (Caesionidae),[2392.4044165]
3430276,Fusiliers (Caesionidae),Slender Schoolers/Colourful > Fusiliers (Caesionidae),Slender Schoolers/Colourful,Caesionidae,Caesionidae,Fusiliers (Caesionidae),[2696.4982709]
3430277,Fusiliers (Caesionidae),Slender Schoolers/Colourful > Fusiliers (Caesionidae),Slender Schoolers/Colourful,Caesionidae,Caesionidae,Fusiliers (Caesionidae),[2696.4982709]
3430278,Fusiliers (Caesionidae),Slender Schoolers/Colourful > Fusiliers (Caesionidae),Slender Schoolers/Colourful,Caesionidae,Caesionidae,Fusiliers (Caesionidae),[2696.4982709]
3430279,Fusiliers (Caesionidae),Slender Schoolers/Colourful > Fusiliers (Caesionidae),Slender Schoolers/Colourful,Caesionidae,Caesionidae,Fusiliers (Caesionidae),[2696.4982709]
3430280,Fusiliers (Caesionidae),Slender Schoolers/Colourful > Fusiliers (Caesionidae),Slender Schoolers/Colourful,Caesionidae,Caesionidae,Fusiliers (Caesionidae),[2696.4982709]
3430281,Fusiliers (Caesionidae),Slender Schoolers/Colourful > Fusiliers (Caesionidae),Slender Schoolers/Colourful,Caesionidae,Caesionidae,Fusiliers (Caesionidae),[2696.4982709]
3430282,Fusiliers (Caesionidae),Slender Schoolers/Colourful > Fusiliers (Caesionidae),Slender Schoolers/Colourful,Caesionidae,Caesionidae,Fusiliers (Caesionidae),[2696.4982709]
3430283,Fusiliers (Caesionidae),Slender Schoolers/Colourful > Fusiliers (Caesionidae),Slender Schoolers/Colourful,Caesionidae,Caesionidae,Fusiliers (Caesionidae),[2696.4982709]
3430284,Fusiliers (Caesionidae),Slender Schoolers/Colourful > Fusiliers (Caesionidae),Slender Schoolers/Colourful,Caesionidae,Caesionidae,Fusiliers (Caesionidae),[2696.4982709]
3430285,Fusiliers (Caesionidae),Slender Schoolers/Colourful > Fusiliers (Caesionidae),Slender Schoolers/Colourful,Caesionidae,Caesionidae,Fusiliers (Caesionidae),[2696.4982709]
3430286,Fusiliers (Caesionidae),Slender Schoolers/Colourful > Fusiliers (Caesionidae),Slender Schoolers/Colourful,Caesionidae,Caesionidae,Fusiliers (Caesionidae),[2696.4982709]
3430287,Fusiliers (Caesionidae),Slender Schoolers/Colourful > Fusiliers (Caesionidae),Slender Schoolers/Colourful,Caesionidae,Caesionidae,Fusiliers (Caesionidae),[2696.4982709]
3430288,Fusiliers (Caesionidae),Slender Schoolers/Colourful > Fusiliers (Caesionidae),Slender Schoolers/Colourful,Caesionidae,Caesionidae,Fusiliers (Caesionidae),[2696.4982709]
3430289,Fusiliers (Caesionidae),Slender Schoolers/Colourful > Fusiliers (Caesionidae),Slender Schoolers/Colourful,Caesionidae,Caesionidae,Fusiliers (Caesionidae),[2696.4982709]
3430290,Fusiliers (Caesionidae),Slender Schoolers/Colourful > Fusiliers (Caesionidae),Slender Schoolers/Colourful,Caesionidae,Caesionidae,Fusiliers (Caesionidae),[2696.4982709]
3430291,Fusiliers (Caesionidae),Slender Schoolers/Colourful > Fusiliers (Caesionidae),Slender Schoolers/Colourful,Caesionidae,Caesionidae,Fusiliers (Caesionidae),[2696.4982709]
3430292,Fusiliers (Caesionidae),Slender Schoolers/Colourful > Fusiliers (Caesionidae),Slender Schoolers/Colourful,Caesionidae,Caesionidae,Fusiliers (Caesionidae),[2696.4982709]
3430293,Fusiliers (Caesionidae),Slender Schoolers/Colourful > Fusiliers (Caesionidae),Slender Schoolers/Colourful,Caesionidae,Caesionidae,Fusiliers (Caesionidae),[2696.4982709]
3430294,Fusiliers (Caesionidae),Slender Schoolers/Colourful > Fusiliers (Caesionidae),Slender Schoolers/Colourful,Caesionidae,Caesionidae,Fusiliers (Caesionidae),[2696.4982709]
3430295,Fusiliers (Caesionidae),Slender Schoolers/Colourful > Fusiliers (Caesionidae),Slender Schoolers/Colourful,Caesionidae,Caesionidae,Fusiliers (Caesionidae),[2696.4982709]
3430296,Fusiliers (Caesionidae),Slender Schoolers/Colourful > Fusiliers (Caesionidae),Slender Schoolers/Colourful,Caesionidae,Caesionidae,Fusiliers (Caesionidae),[2696.4982709]
3430297,Fusiliers (Caesionidae),Slender Schoolers/Colourful > Fusiliers (Caesionidae),Slender Schoolers/Colourful,Caesionidae,Caesionidae,Fusiliers (Caesionidae),[2696.4982709]
3430298,Fusiliers (Caesionidae),Slender Schoolers/Colourful > Fusiliers (Caesionidae),Slender Schoolers/Colourful,Caesionidae,Caesionidae,Fusiliers (Caesionidae),[2696.4982709]
3430299,Fusiliers (Caesionidae),Slender Schoolers/Colourful > Fusiliers (Caesionidae),Slender Schoolers/Colourful,Caesionidae,Caesionidae,Fusiliers (Caesionidae),[2696.4982709]
3430300,Fusiliers (Caesionidae),Slender Schoolers/Colourful > Fusiliers (Caesionidae),Slender Schoolers/Colourful,Caesionidae,Caesionidae,Fusiliers (Caesionidae),[2696.4982709]
3430301,Fusiliers (Caesionidae),Slender Schoolers/Colourful > Fusiliers (Caesionidae),Slender Schoolers/Colourful,Caesionidae,Caesionidae,Fusiliers (Caesionidae),[2696.4982709]
3430302,Fusiliers (Caesionidae),Slender Schoolers/Colourful > Fusiliers (Caesionidae),Slender Schoolers/Colourful,Caesionidae,Caesionidae,Fusiliers (Caesionidae),[2696.4982709]
3430303,Fusiliers (Caesionidae),Slender Schoolers/Colourful > Fusiliers (Caesionidae),Slender Schoolers/Colourful,Caesionidae,Caesionidae,Fusiliers (Caesionidae),[2696.4982709]
3430304,Fusiliers (Caesionidae),Slender Schoolers/Colourful > Fusiliers (Caesionidae),Slender Schoolers/Colourful,Caesionidae,Caesionidae,Fusiliers (Caesionidae),[2696.4982709]
3430305,Fusiliers (Caesionidae),Slender Schoolers/Colourful > Fusiliers (Caesionidae),Slender Schoolers/Colourful,Caesionidae,Caesionidae,Fusiliers (Caesionidae),[2696.4982709]
3430306,Fusiliers (Caesionidae),Slender Schoolers/Colourful > Fusiliers (Caesionidae),Slender Schoolers/Colourful,Caesionidae,Caesionidae,Fusiliers (Caesionidae),[2696.4982709]
3430307,Fusiliers (Caesionidae),Slender Schoolers/Colourful > Fusiliers (Caesionidae),Slender Schoolers/Colourful,Caesionidae,Caesionidae,Fusiliers (Caesionidae),[2696.4982709]
3430308,Fusiliers (Caesionidae),Slender Schoolers/Colourful > Fusiliers (Caesionidae),Slender Schoolers/Colourful,Caesionidae,Caesionidae,Fusiliers (Caesionidae),[2696.4982709]
3430309,Fusiliers (Caesionidae),Slender Schoolers/Colourful > Fusiliers (Caesionidae),Slender Schoolers/Colourful,Caesionidae,Caesionidae,Fusiliers (Caesionidae),[2696.4982709]
3430310,Fusiliers (Caesionidae),Slender Schoolers/Colourful > Fusiliers (Caesionidae),Slender Schoolers/Colourful,Caesionidae,Caesionidae,Fusiliers (Caesionidae),[2696.4982709]
3430311,Fusiliers (Caesionidae),Slender Schoolers/Colourful > Fusiliers (Caesionidae),Slender Schoolers/Colourful,Caesionidae,Caesionidae,Fusiliers (Caesionidae),[2696.4982709]
3430312,Fusiliers (Caesionidae),Slender Schoolers/Colourful > Fusiliers (Caesionidae),Slender Schoolers/Colourful,Caesionidae,Caesionidae,Fusiliers (Caesionidae),[2696.4982709]
3430313,Fusiliers (Caesionidae),Slender Schoolers/Colourful > Fusiliers (Caesionidae),Slender Schoolers/Colourful,Caesionidae,Caesionidae,Fusiliers (Caesionidae),[2696.4982709]
3430314,Fusiliers (Caesionidae),Slender Schoolers/Colourful > Fusiliers (Caesionidae),Slender Schoolers/Colourful,Caesionidae,Caesionidae,Fusiliers (Caesionidae),[2696.4982709]
3430315,Fusiliers (Caesionidae),Slender Schoolers/Colourful > Fusiliers (Caesionidae),Slender Schoolers/Colourful,Caesionidae,Caesionidae,Fusiliers (Caesionidae),[2696.4982709]
3430316,Fusiliers (Caesionidae),Slender Schoolers/Colourful > Fusiliers (Caesionidae),Slender Schoolers/Colourful,Caesionidae,Caesionidae,Fusiliers (Caesionidae),[2696.4982709]
3430317,Fusiliers (Caesionidae),Slender Schoolers/Colourful > Fusiliers (Caesionidae),Slender Schoolers/Colourful,Caesionidae,Caesionidae,Fusiliers (Caesionidae),[2696.4982709]
3430318,Fusiliers (Caesionidae),Slender Schoolers/Colourful > Fusiliers (Caesionidae),Slender Schoolers/Colourful,Caesionidae,Caesionidae,Fusiliers (Caesionidae),[2696.4982709]
3430319,Fusiliers (Caesionidae),Slender Schoolers/Colourful > Fusiliers (Caesionidae),Slender Schoolers/Colourful,Caesionidae,Caesionidae,Fusiliers (Caesionidae),[2696.4982709]
3430320,Fusiliers (Caesionidae),Slender Schoolers/Colourful > Fusiliers (Caesionidae),Slender Schoolers/Colourful,Caesionidae,Caesionidae,Fusiliers (Caesionidae),[2696.4982709]
3430321,Fusiliers (Caesionidae),Slender Schoolers/Colourful > Fusiliers (Caesionidae),Slender Schoolers/Colourful,Caesionidae,Caesionidae,Fusiliers (Caesionidae),[2696.4982709]
3430322,Fusiliers (Caesionidae),Slender Schoolers/Colourful > Fusiliers (Caesionidae),Slender Schoolers/Colourful,Caesionidae,Caesionidae,Fusiliers (Caesionidae),[2696.4982709]
3430323,Fusiliers (Caesionidae),Slender Schoolers/Colourful > Fusiliers (Caesionidae),Slender Schoolers/Colourful,Caesionidae,Caesionidae,Fusiliers (Caesionidae),[2696.4982709]
3430324,Fusiliers (Caesionidae),Slender Schoolers/Colourful > Fusiliers (Caesionidae),Slender Schoolers/Colourful,Caesionidae,Caesionidae,Fusiliers (Caesionidae),[2696.4982709]
3430325,Fusiliers (Caesionidae),Slender Schoolers/Colourful > Fusiliers (Caesionidae),Slender Schoolers/Colourful,Caesionidae,Caesionidae,Fusiliers (Caesionidae),[2696.4982709]
3430326,Fusiliers (Caesionidae),Slender Schoolers/Colourful > Fusiliers (Caesionidae),Slender Schoolers/Colourful,Caesionidae,Caesionidae,Fusiliers (Caesionidae),[2696.4982709]
3430327,Fusiliers (Caesionidae),Slender Schoolers/Colourful > Fusiliers (Caesionidae),Slender Schoolers/Colourful,Caesionidae,Caesionidae,Fusiliers (Caesionidae),[2696.4982709]
3430328,Fusiliers (Caesionidae),Slender Schoolers/Colourful > Fusiliers (Caesionidae),Slender Schoolers/Colourful,Caesionidae,Caesionidae,Fusiliers (Caesionidae),[2696.4982709]
3430329,Fusiliers (Caesionidae),Slender Schoolers/Colourful > Fusiliers (Caesionidae),Slender Schoolers/Colourful,Caesionidae,Caesionidae,Fusiliers (Caesionidae),[2696.4982709]
3430330,Fusiliers (Caesionidae),Slender Schoolers/Colourful > Fusiliers (Caesionidae),Slender Schoolers/Colourful,Caesionidae,Caesionidae,Fusiliers (Caesionidae),[2696.4982709]
3430331,Fusiliers (Caesionidae),Slender Schoolers/Colourful > Fusiliers (Caesionidae),Slender Schoolers/Colourful,Caesionidae,Caesionidae,Fusiliers (Caesionidae),[2696.4982709]
3430332,Fusiliers (Caesionidae),Slender Schoolers/Colourful > Fusiliers (Caesionidae),Slender Schoolers/Colourful,Caesionidae,Caesionidae,Fusiliers (Caesionidae),[2696.4982709]
3430333,Fusiliers (Caesionidae),Slender Schoolers/Colourful > Fusiliers (Caesionidae),Slender Schoolers/Colourful,Caesionidae,Caesionidae,Fusiliers (Caesionidae),[2696.4982709]
3430334,Fusiliers (Caesionidae),Slender Schoolers/Colourful > Fusiliers (Caesionidae),Slender Schoolers/Colourful,Caesionidae,Caesionidae,Fusiliers (Caesionidae),[2696.4982709]
3430335,Fusiliers (Caesionidae),Slender Schoolers/Colourful > Fusiliers (Caesionidae),Slender Schoolers/Colourful,Caesionidae,Caesionidae,Fusiliers (Caesionidae),[2696.4982709]
3430336,Fusiliers (Caesionidae),Slender Schoolers/Colourful > Fusiliers (Caesionidae),Slender Schoolers/Colourful,Caesionidae,Caesionidae,Fusiliers (Caesionidae),[2696.4982709]
3430337,Fusiliers (Caesionidae),Slender Schoolers/Colourful > Fusiliers (Caesionidae),Slender Schoolers/Colourful,Caesionidae,Caesionidae,Fusiliers (Caesionidae),[2696.4982709]
3430338,Fusiliers (Caesionidae),Slender Schoolers/Colourful > Fusiliers (Caesionidae),Slender Schoolers/Colourful,Caesionidae,Caesionidae,Fusiliers (Caesionidae),[2696.4982709]
3430339,Fusiliers (Caesionidae),Slender Schoolers/Colourful > Fusiliers (Caesionidae),Slender Schoolers/Colourful,Caesionidae,Caesionidae,Fusiliers (Caesionidae),[2696.4982709]
3430340,Fusiliers (Caesionidae),Slender Schoolers/Colourful > Fusiliers (Caesionidae),Slender Schoolers/Colourful,Caesionidae,Caesionidae,Fusiliers (Caesionidae),[2696.4982709]
3430341,Fusiliers (Caesionidae),Slender Schoolers/Colourful > Fusiliers (Caesionidae),Slender Schoolers/Colourful,Caesionidae,Caesionidae,Fusiliers (Caesionidae),[2696.4982709]
3430342,Fusiliers (Caesionidae),Slender Schoolers/Colourful > Fusiliers (Caesionidae),Slender Schoolers/Colourful,Caesionidae,Caesionidae,Fusiliers (Caesionidae),[2696.4982709]
3430343,Fusiliers (Caesionidae),Slender Schoolers/Colourful > Fusiliers (Caesionidae),Slender Schoolers/Colourful,Caesionidae,Caesionidae,Fusiliers (Caesionidae),[2696.4982709]
3430344,Fusiliers (Caesionidae),Slender Schoolers/Colourful > Fusiliers (Caesionidae),Slender Schoolers/Colourful,Caesionidae,Caesionidae,Fusiliers (Caesionidae),[2696.4982709]
3430345,Fusiliers (Caesionidae),Slender Schoolers/Colourful > Fusiliers (Caesionidae),Slender Schoolers/Colourful,Caesionidae,Caesionidae,Fusiliers (Caesionidae),[2696.4982709]
3430346,Fusiliers (Caesionidae),Slender Schoolers/Colourful > Fusiliers (Caesionidae),Slender Schoolers/Colourful,Caesionidae,Caesionidae,Fusiliers (Caesionidae),[2696.4982709]
3430347,Fusiliers (Caesionidae),Slender Schoolers/Colourful > Fusiliers (Caesionidae),Slender Schoolers/Colourful,Caesionidae,Caesionidae,Fusiliers (Caesionidae),[2696.4982709]
3430348,Fusiliers (Caesionidae),Slender Schoolers/Colourful > Fusiliers (Caesionidae),Slender Schoolers/Colourful,Caesionidae,Caesionidae,Fusiliers (Caesionidae),[2696.4982709]
3430349,Fusiliers (Caesionidae),Slender Schoolers/Colourful > Fusiliers (Caesionidae),Slender Schoolers/Colourful,Caesionidae,Caesionidae,Fusiliers (Caesionidae),[2696.4982709]
3430350,Fusiliers (Caesionidae),Slender Schoolers/Colourful > Fusiliers (Caesionidae),Slender Schoolers/Colourful,Caesionidae,Caesionidae,Fusiliers (Caesionidae),[2696.4982709]
3430351,Fusiliers (Caesionidae),Slender Schoolers/Colourful > Fusiliers (Caesionidae),Slender Schoolers/Colourful,Caesionidae,Caesionidae,Fusiliers (Caesionidae),[2696.4982709]
3430352,Fusiliers (Caesionidae),Slender Schoolers/Colourful > Fusiliers (Caesionidae),Slender Schoolers/Colourful,Caesionidae,Caesionidae,Fusiliers (Caesionidae),[2696.4982709]
3430353,Fusiliers (Caesionidae),Slender Schoolers/Colourful > Fusiliers (Caesionidae),Slender Schoolers/Colourful,Caesionidae,Caesionidae,Fusiliers (Caesionidae),[2696.4982709]
3430354,Fusiliers (Caesionidae),Slender Schoolers/Colourful > Fusiliers (Caesionidae),Slender Schoolers/Colourful,Caesionidae,Caesionidae,Fusiliers (Caesionidae),[2696.4982709]
3430355,Fusiliers (Caesionidae),Slender Schoolers/Colourful > Fusiliers (Caesionidae),Slender Schoolers/Colourful,Caesionidae,Caesionidae,Fusiliers (Caesionidae),[2696.4982709]
3430356,Fusiliers (Caesionidae),Slender Schoolers/Colourful > Fusiliers (Caesionidae),Slender Schoolers/Colourful,Caesionidae,Caesionidae,Fusiliers (Caesionidae),[2696.4982709]
3430357,Fusiliers (Caesionidae),Slender Schoolers/Colourful > Fusiliers (Caesionidae),Slender Schoolers/Colourful,Caesionidae,Caesionidae,Fusiliers (Caesionidae),[2696.4982709]
3430358,Fusiliers (Caesionidae),Slender Schoolers/Colourful > Fusiliers (Caesionidae),Slender Schoolers/Colourful,Caesionidae,Caesionidae,Fusiliers (Caesionidae),[2696.4982709]
3430359,Fusiliers (Caesionidae),Slender Schoolers/Colourful > Fusiliers (Caesionidae),Slender Schoolers/Colourful,Caesionidae,Caesionidae,Fusiliers (Caesionidae),[2696.4982709]
3430360,Fusiliers (Caesionidae),Slender Schoolers/Colourful > Fusiliers (Caesionidae),Slender Schoolers/Colourful,Caesionidae,Caesionidae,Fusiliers (Caesionidae),[2696.4982709]
3430361,Fusiliers (Caesionidae),Slender Schoolers/Colourful > Fusiliers (Caesionidae),Slender Schoolers/Colourful,Caesionidae,Caesionidae,Fusiliers (Caesionidae),[2696.4982709]
3430362,Fusiliers (Caesionidae),Slender Schoolers/Colourful > Fusiliers (Caesionidae),Slender Schoolers/Colourful,Caesionidae,Caesionidae,Fusiliers (Caesionidae),[2696.4982709]
3430363,Sixbar (Thalassoma hardwicke),Wrasses > Wrasses (Labridae) > Sixbar (Thalassoma hardwicke),Wrasses,Labridae,Thalassoma,Sixbar (Thalassoma hardwicke),[2724.0979029]
3430364,Sixbar (Thalassoma hardwicke),Wrasses > Wrasses (Labridae) > Sixbar (Thalassoma hardwicke),Wrasses,Labridae,Thalassoma,Sixbar (Thalassoma hardwicke),[2724.0979029]
3430365,Bluefin (Caranx melampygus),Silvery > Jacks/Trevallyes (Carangidae) > Bluefin (Caranx melampygus),Silvery,Carangidae,Caranx,Bluefin (Caranx melampygus),[2805.459699]
3430366,Bluefin (Caranx melampygus),Silvery > Jacks/Trevallyes (Carangidae) > Bluefin (Caranx melampygus),Silvery,Carangidae,Caranx,Bluefin (Caranx melampygus),[2805.459699]
3430367,Axilspot Hogfish (Bodianus axillaris),Wrasses > Wrasses (Labridae) > Axilspot Hogfish (Bodianus axillaris),Wrasses,Labridae,Bodianus,Axilspot Hogfish (Bodianus axillaris),[2833.0506962]
3430368,Axilspot Hogfish (Bodianus axillaris),Wrasses > Wrasses (Labridae) > Axilspot Hogfish (Bodianus axillaris),Wrasses,Labridae,Bodianus,Axilspot Hogfish (Bodianus axillaris),[2841.6389143]
3430369,Axilspot Hogfish (Bodianus axillaris),Wrasses > Wrasses (Labridae) > Axilspot Hogfish (Bodianus axillaris),Wrasses,Labridae,Bodianus,Axilspot Hogfish (Bodianus axillaris),[2841.6389143]
3430370,Wirenet (Cantherhines pardalis),Odd-shaped Swimmers > Filefishes (Monacanthidae) > Wirenet (Cantherhines pardalis),Odd-shaped Swimmers,Monacanthidae,Cantherhines,Wirenet (Cantherhines pardalis),[2948.5476692]
3430371,Wirenet (Cantherhines pardalis),Odd-shaped Swimmers > Filefishes (Monacanthidae) > Wirenet (Cantherhines pardalis),Odd-shaped Swimmers,Monacanthidae,Cantherhines,Wirenet (Cantherhines pardalis),[2948.5476692]
3430372,Brown Pigmy (Centropyge multispinis),Disk-shaped/Colourful > Angelfishes (Pomacanthidae) > Brown Pigmy (Centropyge multispinis),Disk-shaped/Colourful,Pomacanthidae,Centropyge,Brown Pigmy (Centropyge multispinis),[3038.3954953]
3430373,Brown Pigmy (Centropyge multispinis),Disk-shaped/Colourful > Angelfishes (Pomacanthidae) > Brown Pigmy (Centropyge multispinis),Disk-shaped/Colourful,Pomacanthidae,Centropyge,Brown Pigmy (Centropyge multispinis),[3038.3954953]
3430374,Bullethead (Chlorurus sordidus),Parrotfishes > Parrotfishes (Scaridae) > Bullethead (Chlorurus sordidus),Parrotfishes,Scaridae,Chlorurus,Bullethead (Chlorurus sordidus),[3049.6247714]
3430375,Bullethead (Chlorurus sordidus),Parrotfishes > Parrotfishes (Scaridae) > Bullethead (Chlorurus sordidus),Parrotfishes,Scaridae,Chlorurus,Bullethead (Chlorurus sordidus),[3049.6247714]
3430376,Lined Bristletooth (Ctenochaetus striatus),Large Ovals > Surgeonfishes (Acanthuridae) > Lined Bristletooth (Ctenochaetus striatus),Large Ovals,Acanthuridae,Ctenochaetus,Lined Bristletooth (Ctenochaetus striatus),[3055.7228701]
3430377,Regal (Pygoplites diacanthus),Disk-shaped/Colourful > Angelfishes (Pomacanthidae) > Regal (Pygoplites diacanthus),Disk-shaped/Colourful,Pomacanthidae,Pygoplites,Regal (Pygoplites diacanthus),[3131.9383304]
3430378,Regal (Pygoplites diacanthus),Disk-shaped/Colourful > Angelfishes (Pomacanthidae) > Regal (Pygoplites diacanthus),Disk-shaped/Colourful,Pomacanthidae,Pygoplites,Regal (Pygoplites diacanthus),[3131.9383304]
3430379,Longbarbel (Parupeneus macronemus),Odd-shaped Swimmers > Goatfishes (Mullidae) > Longbarbel (Parupeneus macronemus),Odd-shaped Swimmers,Mullidae,Parupeneus,Longbarbel (Parupeneus macronemus),[3164.7328228]
3430380,Longbarbel (Parupeneus macronemus),Odd-shaped Swimmers > Goatfishes (Mullidae) > Longbarbel (Parupeneus macronemus),Odd-shaped Swimmers,Mullidae,Parupeneus,Longbarbel (Parupeneus macronemus),[3164.7328228]
3430381,Swarthy (Scarus niger),Parrotfishes > Parrotfishes (Scaridae) > Swarthy (Scarus niger),Parrotfishes,Scaridae,Scarus,Swarthy (Scarus niger),[3197.3689753]
3430382,Swarthy (Scarus niger),Parrotfishes > Parrotfishes (Scaridae) > Swarthy (Scarus niger),Parrotfishes,Scaridae,Scarus,Swarthy (Scarus niger),[3197.3689753]
3430384,Genus Squirrel (Sargocentron),Reddish/Big Eyes > Soldier-&Squirrelfishes (Holocentridae) > Genus Squirrel (Sargocentron),Reddish/Big Eyes,Holocentridae,Sargocentron,Genus Squirrel (Sargocentron),[3491.44908]
3430385,Genus Squirrel (Sargocentron),Reddish/Big Eyes > Soldier-&Squirrelfishes (Holocentridae) > Genus Squirrel (Sargocentron),Reddish/Big Eyes,Holocentridae,Sargocentron,Genus Squirrel (Sargocentron),[3491.44908]
3430386,Genus Squirrel (Sargocentron),Reddish/Big Eyes > Soldier-&Squirrelfishes (Holocentridae) > Genus Squirrel (Sargocentron),Reddish/Big Eyes,Holocentridae,Sargocentron,Genus Squirrel (Sargocentron),[3491.44908]
3430387,Genus Squirrel (Sargocentron),Reddish/Big Eyes > Soldier-&Squirrelfishes (Holocentridae) > Genus Squirrel (Sargocentron),Reddish/Big Eyes,Holocentridae,Sargocentron,Genus Squirrel (Sargocentron),[3491.44908]
3430388,Genus Squirrel (Sargocentron),Reddish/Big Eyes > Soldier-&Squirrelfishes (Holocentridae) > Genus Squirrel (Sargocentron),Reddish/Big Eyes,Holocentridae,Sargocentron,Genus Squirrel (Sargocentron),[3491.44908]
3430389,Genus Squirrel (Sargocentron),Reddish/Big Eyes > Soldier-&Squirrelfishes (Holocentridae) > Genus Squirrel (Sargocentron),Reddish/Big Eyes,Holocentridae,Sargocentron,Genus Squirrel (Sargocentron),[3491.44908]
3430390,Genus Squirrel (Sargocentron),Reddish/Big Eyes > Soldier-&Squirrelfishes (Holocentridae) > Genus Squirrel (Sargocentron),Reddish/Big Eyes,Holocentridae,Sargocentron,Genus Squirrel (Sargocentron),[3491.44908]
3430391,Genus Squirrel (Sargocentron),Reddish/Big Eyes > Soldier-&Squirrelfishes (Holocentridae) > Genus Squirrel (Sargocentron),Reddish/Big Eyes,Holocentridae,Sargocentron,Genus Squirrel (Sargocentron),[3491.44908]
3430392,Genus Squirrel (Sargocentron),Reddish/Big Eyes > Soldier-&Squirrelfishes (Holocentridae) > Genus Squirrel (Sargocentron),Reddish/Big Eyes,Holocentridae,Sargocentron,Genus Squirrel (Sargocentron),[3491.44908]
3430393,Genus Squirrel (Sargocentron),Reddish/Big Eyes > Soldier-&Squirrelfishes (Holocentridae) > Genus Squirrel (Sargocentron),Reddish/Big Eyes,Holocentridae,Sargocentron,Genus Squirrel (Sargocentron),[3491.44908]
3430394,Orange-lined (Balistapus undulatus),Odd-shaped Swimmers > Triggerfishes (Balistidae) > Orange-lined (Balistapus undulatus),Odd-shaped Swimmers,Balistidae,Balistapus,Orange-lined (Balistapus undulatus),[3561.9889445]
3430395,Orange-lined (Balistapus undulatus),Odd-shaped Swimmers > Triggerfishes (Balistidae) > Orange-lined (Balistapus undulatus),Odd-shaped Swimmers,Balistidae,Balistapus,Orange-lined (Balistapus undulatus),[3561.9889445]
3430396,Orange-lined (Balistapus undulatus),Odd-shaped Swimmers > Triggerfishes (Balistidae) > Orange-lined (Balistapus undulatus),Odd-shaped Swimmers,Balistidae,Balistapus,Orange-lined (Balistapus undulatus),[3561.9889445]
3430397,Genus Chromis,Small Ovals - Damselfishes > Damselfishes (Pomacentridae) > Genus Chromis,Small Ovals - Damselfishes,Pomacentridae,,Genus Chromis,[169.3364479]
3430398,Genus Chromis,Small Ovals - Damselfishes > Damselfishes (Pomacentridae) > Genus Chromis,Small Ovals - Damselfishes,Pomacentridae,,Genus Chromis,[169.3364479]
3430399,Genus Chromis,Small Ovals - Damselfishes > Damselfishes (Pomacentridae) > Genus Chromis,Small Ovals - Damselfishes,Pomacentridae,,Genus Chromis,[169.3364479]
3430400,Genus Chromis,Small Ovals - Damselfishes > Damselfishes (Pomacentridae) > Genus Chromis,Small Ovals - Damselfishes,Pomacentridae,,Genus Chromis,[169.3364479]
3430401,Genus Chromis,Small Ovals - Damselfishes > Damselfishes (Pomacentridae) > Genus Chromis,Small Ovals - Damselfishes,Pomacentridae,,Genus Chromis,[169.3364479]
3430402,Genus Chromis,Small Ovals - Damselfishes > Damselfishes (Pomacentridae) > Genus Chromis,Small Ovals - Damselfishes,Pomacentridae,,Genus Chromis,[169.3364479]
3430403,Genus Chromis,Small Ovals - Damselfishes > Damselfishes (Pomacentridae) > Genus Chromis,Small Ovals - Damselfishes,Pomacentridae,,Genus Chromis,[169.3364479]
3430404,Genus Chromis,Small Ovals - Damselfishes > Damselfishes (Pomacentridae) > Genus Chromis,Small Ovals - Damselfishes,Pomacentridae,,Genus Chromis,[169.3364479]
3430405,Genus Chromis,Small Ovals - Damselfishes > Damselfishes (Pomacentridae) > Genus Chromis,Small Ovals - Damselfishes,Pomacentridae,,Genus Chromis,[169.3364479]
3430406,Genus Chromis,Small Ovals - Damselfishes > Damselfishes (Pomacentridae) > Genus Chromis,Small Ovals - Damselfishes,Pomacentridae,,Genus Chromis,[169.3364479]
3430407,Genus Chromis,Small Ovals - Damselfishes > Damselfishes (Pomacentridae) > Genus Chromis,Small Ovals - Damselfishes,Pomacentridae,,Genus Chromis,[169.3364479]
3430408,Genus Chromis,Small Ovals - Damselfishes > Damselfishes (Pomacentridae) > Genus Chromis,Small Ovals - Damselfishes,Pomacentridae,,Genus Chromis,[169.3364479]
3430409,Genus Chromis,Small Ovals - Damselfishes > Damselfishes (Pomacentridae) > Genus Chromis,Small Ovals - Damselfishes,Pomacentridae,,Genus Chromis,[169.3364479]
3430410,Genus Chromis,Small Ovals - Damselfishes > Damselfishes (Pomacentridae) > Genus Chromis,Small Ovals - Damselfishes,Pomacentridae,,Genus Chromis,[169.3364479]
3430411,Genus Chromis,Small Ovals - Damselfishes > Damselfishes (Pomacentridae) > Genus Chromis,Small Ovals - Damselfishes,Pomacentridae,,Genus Chromis,[169.3364479]
3430412,Genus Chromis,Small Ovals - Damselfishes > Damselfishes (Pomacentridae) > Genus Chromis,Small Ovals - Damselfishes,Pomacentridae,,Genus Chromis,[169.3364479]
3430413,Genus Chromis,Small Ovals - Damselfishes > Damselfishes (Pomacentridae) > Genus Chromis,Small Ovals - Damselfishes,Pomacentridae,,Genus Chromis,[169.3364479]
3430414,Genus Chromis,Small Ovals - Damselfishes > Damselfishes (Pomacentridae) > Genus Chromis,Small Ovals - Damselfishes,Pomacentridae,,Genus Chromis,[169.3364479]
3430415,Genus Chromis,Small Ovals - Damselfishes > Damselfishes (Pomacentridae) > Genus Chromis,Small Ovals - Damselfishes,Pomacentridae,,Genus Chromis,[169.3364479]
3430416,Genus Chromis,Small Ovals - Damselfishes > Damselfishes (Pomacentridae) > Genus Chromis,Small Ovals - Damselfishes,Pomacentridae,,Genus Chromis,[169.3364479]
3430417,Genus Chromis,Small Ovals - Damselfishes > Damselfishes (Pomacentridae) > Genus Chromis,Small Ovals - Damselfishes,Pomacentridae,,Genus Chromis,[169.3364479]
3430418,Genus Chromis,Small Ovals - Damselfishes > Damselfishes (Pomacentridae) > Genus Chromis,Small Ovals - Damselfishes,Pomacentridae,,Genus Chromis,[169.3364479]
3430419,Genus Chromis,Small Ovals - Damselfishes > Damselfishes (Pomacentridae) > Genus Chromis,Small Ovals - Damselfishes,Pomacentridae,,Genus Chromis,[169.3364479]
3430420,Genus Chromis,Small Ovals - Damselfishes > Damselfishes (Pomacentridae) > Genus Chromis,Small Ovals - Damselfishes,Pomacentridae,,Genus Chromis,[169.3364479]
3430421,Genus Chromis,Small Ovals - Damselfishes > Damselfishes (Pomacentridae) > Genus Chromis,Small Ovals - Damselfishes,Pomacentridae,,Genus Chromis,[169.3364479]
3430422,Genus Chromis,Small Ovals - Damselfishes > Damselfishes (Pomacentridae) > Genus Chromis,Small Ovals - Damselfishes,Pomacentridae,,Genus Chromis,[169.3364479]
3430423,Genus Chromis,Small Ovals - Damselfishes > Damselfishes (Pomacentridae) > Genus Chromis,Small Ovals - Damselfishes,Pomacentridae,,Genus Chromis,[169.3364479]
3430424,Genus Chromis,Small Ovals - Damselfishes > Damselfishes (Pomacentridae) > Genus Chromis,Small Ovals - Damselfishes,Pomacentridae,,Genus Chromis,[169.3364479]
3430425,Genus Chromis,Small Ovals - Damselfishes > Damselfishes (Pomacentridae) > Genus Chromis,Small Ovals - Damselfishes,Pomacentridae,,Genus Chromis,[169.3364479]
3430426,Genus Chromis,Small Ovals - Damselfishes > Damselfishes (Pomacentridae) > Genus Chromis,Small Ovals - Damselfishes,Pomacentridae,,Genus Chromis,[169.3364479]
3430427,Genus Chromis,Small Ovals - Damselfishes > Damselfishes (Pomacentridae) > Genus Chromis,Small Ovals - Damselfishes,Pomacentridae,,Genus Chromis,[169.3364479]
3430428,Genus Chromis,Small Ovals - Damselfishes > Damselfishes (Pomacentridae) > Genus Chromis,Small Ovals - Damselfishes,Pomacentridae,,Genus Chromis,[169.3364479]
3430429,Genus Chromis,Small Ovals - Damselfishes > Damselfishes (Pomacentridae) > Genus Chromis,Small Ovals - Damselfishes,Pomacentridae,,Genus Chromis,[169.3364479]
3430430,Genus Chromis,Small Ovals - Damselfishes > Damselfishes (Pomacentridae) > Genus Chromis,Small Ovals - Damselfishes,Pomacentridae,,Genus Chromis,[169.3364479]
3430431,Genus Chromis,Small Ovals - Damselfishes > Damselfishes (Pomacentridae) > Genus Chromis,Small Ovals - Damselfishes,Pomacentridae,,Genus Chromis,[169.3364479]
3430432,Genus Chromis,Small Ovals - Damselfishes > Damselfishes (Pomacentridae) > Genus Chromis,Small Ovals - Damselfishes,Pomacentridae,,Genus Chromis,[169.3364479]
3430433,Genus Chromis,Small Ovals - Damselfishes > Damselfishes (Pomacentridae) > Genus Chromis,Small Ovals - Damselfishes,Pomacentridae,,Genus Chromis,[169.3364479]
3430434,Genus Chromis,Small Ovals - Damselfishes > Damselfishes (Pomacentridae) > Genus Chromis,Small Ovals - Damselfishes,Pomacentridae,,Genus Chromis,[169.3364479]
3430435,Genus Chromis,Small Ovals - Damselfishes > Damselfishes (Pomacentridae) > Genus Chromis,Small Ovals - Damselfishes,Pomacentridae,,Genus Chromis,[169.3364479]
3430436,Genus Chromis,Small Ovals - Damselfishes > Damselfishes (Pomacentridae) > Genus Chromis,Small Ovals - Damselfishes,Pomacentridae,,Genus Chromis,[169.3364479]
3430437,Genus Chromis,Small Ovals - Damselfishes > Damselfishes (Pomacentridae) > Genus Chromis,Small Ovals - Damselfishes,Pomacentridae,,Genus Chromis,[169.3364479]
3430438,Genus Chromis,Small Ovals - Damselfishes > Damselfishes (Pomacentridae) > Genus Chromis,Small Ovals - Damselfishes,Pomacentridae,,Genus Chromis,[169.3364479]
3430439,Genus Chromis,Small Ovals - Damselfishes > Damselfishes (Pomacentridae) > Genus Chromis,Small Ovals - Damselfishes,Pomacentridae,,Genus Chromis,[169.3364479]
3430440,Genus Chromis,Small Ovals - Damselfishes > Damselfishes (Pomacentridae) > Genus Chromis,Small Ovals - Damselfishes,Pomacentridae,,Genus Chromis,[169.3364479]
3430441,Genus Chromis,Small Ovals - Damselfishes > Damselfishes (Pomacentridae) > Genus Chromis,Small Ovals - Damselfishes,Pomacentridae,,Genus Chromis,[169.3364479]
3430442,Genus Chromis,Small Ovals - Damselfishes > Damselfishes (Pomacentridae) > Genus Chromis,Small Ovals - Damselfishes,Pomacentridae,,Genus Chromis,[169.3364479]
3430443,Genus Chromis,Small Ovals - Damselfishes > Damselfishes (Pomacentridae) > Genus Chromis,Small Ovals - Damselfishes,Pomacentridae,,Genus Chromis,[169.3364479]
3430444,Genus Chromis,Small Ovals - Damselfishes > Damselfishes (Pomacentridae) > Genus Chromis,Small Ovals - Damselfishes,Pomacentridae,,Genus Chromis,[169.3364479]
3430445,Genus Chromis,Small Ovals - Damselfishes > Damselfishes (Pomacentridae) > Genus Chromis,Small Ovals - Damselfishes,Pomacentridae,,Genus Chromis,[169.3364479]
3430446,Genus Chromis,Small Ovals - Damselfishes > Damselfishes (Pomacentridae) > Genus Chromis,Small Ovals - Damselfishes,Pomacentridae,,Genus Chromis,[169.3364479]
3430447,Genus Chromis,Small Ovals - Damselfishes > Damselfishes (Pomacentridae) > Genus Chromis,Small Ovals - Damselfishes,Pomacentridae,,Genus Chromis,[169.3364479]
3430448,Genus Chromis,Small Ovals - Damselfishes > Damselfishes (Pomacentridae) > Genus Chromis,Small Ovals - Damselfishes,Pomacentridae,,Genus Chromis,[169.3364479]
3430449,Genus Chromis,Small Ovals - Damselfishes > Damselfishes (Pomacentridae) > Genus Chromis,Small Ovals - Damselfishes,Pomacentridae,,Genus Chromis,[169.3364479]
3430450,Genus Chromis,Small Ovals - Damselfishes > Damselfishes (Pomacentridae) > Genus Chromis,Small Ovals - Damselfishes,Pomacentridae,,Genus Chromis,[169.3364479]
3430451,Genus Chromis,Small Ovals - Damselfishes > Damselfishes (Pomacentridae) > Genus Chromis,Small Ovals - Damselfishes,Pomacentridae,,Genus Chromis,[169.3364479]
3430452,Genus Chromis,Small Ovals - Damselfishes > Damselfishes (Pomacentridae) > Genus Chromis,Small Ovals - Damselfishes,Pomacentridae,,Genus Chromis,[169.3364479]
3430453,Indian Half-and-Half (Pycnochromis dimidiatus),Small Ovals - Damselfishes > Damselfishes (Pomacentridae) > Indian Half-and-Half (Pycnochromis dimidiatus),Small Ovals - Damselfishes,Pomacentridae,Pycnochromis,Indian Half-and-Half (Pycnochromis dimidiatus),[1092.0297542]
3430454,Indian Half-and-Half (Pycnochromis dimidiatus),Small Ovals - Damselfishes > Damselfishes (Pomacentridae) > Indian Half-and-Half (Pycnochromis dimidiatus),Small Ovals - Damselfishes,Pomacentridae,Pycnochromis,Indian Half-and-Half (Pycnochromis dimidiatus),[1092.0297542]
3430455,Indian Half-and-Half (Pycnochromis dimidiatus),Small Ovals - Damselfishes > Damselfishes (Pomacentridae) > Indian Half-and-Half (Pycnochromis dimidiatus),Small Ovals - Damselfishes,Pomacentridae,Pycnochromis,Indian Half-and-Half (Pycnochromis dimidiatus),[1092.0297542]
3430456,Indian Half-and-Half (Pycnochromis dimidiatus),Small Ovals - Damselfishes > Damselfishes (Pomacentridae) > Indian Half-and-Half (Pycnochromis dimidiatus),Small Ovals - Damselfishes,Pomacentridae,Pycnochromis,Indian Half-and-Half (Pycnochromis dimidiatus),[1092.0297542]
3430457,Indian Half-and-Half (Pycnochromis dimidiatus),Small Ovals - Damselfishes > Damselfishes (Pomacentridae) > Indian Half-and-Half (Pycnochromis dimidiatus),Small Ovals - Damselfishes,Pomacentridae,Pycnochromis,Indian Half-and-Half (Pycnochromis dimidiatus),[1092.0297542]
3430458,Indian Half-and-Half (Pycnochromis dimidiatus),Small Ovals - Damselfishes > Damselfishes (Pomacentridae) > Indian Half-and-Half (Pycnochromis dimidiatus),Small Ovals - Damselfishes,Pomacentridae,Pycnochromis,Indian Half-and-Half (Pycnochromis dimidiatus),[1092.0297542]
3430459,Indian Half-and-Half (Pycnochromis dimidiatus),Small Ovals - Damselfishes > Damselfishes (Pomacentridae) > Indian Half-and-Half (Pycnochromis dimidiatus),Small Ovals - Damselfishes,Pomacentridae,Pycnochromis,Indian Half-and-Half (Pycnochromis dimidiatus),[1092.0297542]
3430460,Indian Half-and-Half (Pycnochromis dimidiatus),Small Ovals - Damselfishes > Damselfishes (Pomacentridae) > Indian Half-and-Half (Pycnochromis dimidiatus),Small Ovals - Damselfishes,Pomacentridae,Pycnochromis,Indian Half-and-Half (Pycnochromis dimidiatus),[1092.0297542]
3430461,Indian Half-and-Half (Pycnochromis dimidiatus),Small Ovals - Damselfishes > Damselfishes (Pomacentridae) > Indian Half-and-Half (Pycnochromis dimidiatus),Small Ovals - Damselfishes,Pomacentridae,Pycnochromis,Indian Half-and-Half (Pycnochromis dimidiatus),[1092.0297542]
3430462,Indian Half-and-Half (Pycnochromis dimidiatus),Small Ovals - Damselfishes > Damselfishes (Pomacentridae) > Indian Half-and-Half (Pycnochromis dimidiatus),Small Ovals - Damselfishes,Pomacentridae,Pycnochromis,Indian Half-and-Half (Pycnochromis dimidiatus),[1092.0297542]
3430463,Indian Half-and-Half (Pycnochromis dimidiatus),Small Ovals - Damselfishes > Damselfishes (Pomacentridae) > Indian Half-and-Half (Pycnochromis dimidiatus),Small Ovals - Damselfishes,Pomacentridae,Pycnochromis,Indian Half-and-Half (Pycnochromis dimidiatus),[1092.0297542]
3430464,Indian Half-and-Half (Pycnochromis dimidiatus),Small Ovals - Damselfishes > Damselfishes (Pomacentridae) > Indian Half-and-Half (Pycnochromis dimidiatus),Small Ovals - Damselfishes,Pomacentridae,Pycnochromis,Indian Half-and-Half (Pycnochromis dimidiatus),[1092.0297542]
3430465,Indian Half-and-Half (Pycnochromis dimidiatus),Small Ovals - Damselfishes > Damselfishes (Pomacentridae) > Indian Half-and-Half (Pycnochromis dimidiatus),Small Ovals - Damselfishes,Pomacentridae,Pycnochromis,Indian Half-and-Half (Pycnochromis dimidiatus),[1092.0297542]
3430466,Indian Half-and-Half (Pycnochromis dimidiatus),Small Ovals - Damselfishes > Damselfishes (Pomacentridae) > Indian Half-and-Half (Pycnochromis dimidiatus),Small Ovals - Damselfishes,Pomacentridae,Pycnochromis,Indian Half-and-Half (Pycnochromis dimidiatus),[1092.0297542]
3430467,Indian Half-and-Half (Pycnochromis dimidiatus),Small Ovals - Damselfishes > Damselfishes (Pomacentridae) > Indian Half-and-Half (Pycnochromis dimidiatus),Small Ovals - Damselfishes,Pomacentridae,Pycnochromis,Indian Half-and-Half (Pycnochromis dimidiatus),[1092.0297542]
3430468,Indian Half-and-Half (Pycnochromis dimidiatus),Small Ovals - Damselfishes > Damselfishes (Pomacentridae) > Indian Half-and-Half (Pycnochromis dimidiatus),Small Ovals - Damselfishes,Pomacentridae,Pycnochromis,Indian Half-and-Half (Pycnochromis dimidiatus),[1092.0297542]
3430469,Indian Half-and-Half (Pycnochromis dimidiatus),Small Ovals - Damselfishes > Damselfishes (Pomacentridae) > Indian Half-and-Half (Pycnochromis dimidiatus),Small Ovals - Damselfishes,Pomacentridae,Pycnochromis,Indian Half-and-Half (Pycnochromis dimidiatus),[1092.0297542]
3430470,Indian Half-and-Half (Pycnochromis dimidiatus),Small Ovals - Damselfishes > Damselfishes (Pomacentridae) > Indian Half-and-Half (Pycnochromis dimidiatus),Small Ovals - Damselfishes,Pomacentridae,Pycnochromis,Indian Half-and-Half (Pycnochromis dimidiatus),[1092.0297542]
3430471,Indian Half-and-Half (Pycnochromis dimidiatus),Small Ovals - Damselfishes > Damselfishes (Pomacentridae) > Indian Half-and-Half (Pycnochromis dimidiatus),Small Ovals - Damselfishes,Pomacentridae,Pycnochromis,Indian Half-and-Half (Pycnochromis dimidiatus),[1092.0297542]
3430472,Indian Half-and-Half (Pycnochromis dimidiatus),Small Ovals - Damselfishes > Damselfishes (Pomacentridae) > Indian Half-and-Half (Pycnochromis dimidiatus),Small Ovals - Damselfishes,Pomacentridae,Pycnochromis,Indian Half-and-Half (Pycnochromis dimidiatus),[1092.0297542]
3430473,Indian Half-and-Half (Pycnochromis dimidiatus),Small Ovals - Damselfishes > Damselfishes (Pomacentridae) > Indian Half-and-Half (Pycnochromis dimidiatus),Small Ovals - Damselfishes,Pomacentridae,Pycnochromis,Indian Half-and-Half (Pycnochromis dimidiatus),[1092.0297542]
3430474,Indian Half-and-Half (Pycnochromis dimidiatus),Small Ovals - Damselfishes > Damselfishes (Pomacentridae) > Indian Half-and-Half (Pycnochromis dimidiatus),Small Ovals - Damselfishes,Pomacentridae,Pycnochromis,Indian Half-and-Half (Pycnochromis dimidiatus),[1092.0297542]
3430475,Indian Half-and-Half (Pycnochromis dimidiatus),Small Ovals - Damselfishes > Damselfishes (Pomacentridae) > Indian Half-and-Half (Pycnochromis dimidiatus),Small Ovals - Damselfishes,Pomacentridae,Pycnochromis,Indian Half-and-Half (Pycnochromis dimidiatus),[1092.0297542]
3430476,Indian Half-and-Half (Pycnochromis dimidiatus),Small Ovals - Damselfishes > Damselfishes (Pomacentridae) > Indian Half-and-Half (Pycnochromis dimidiatus),Small Ovals - Damselfishes,Pomacentridae,Pycnochromis,Indian Half-and-Half (Pycnochromis dimidiatus),[1092.0297542]
3430477,Indian Half-and-Half (Pycnochromis dimidiatus),Small Ovals - Damselfishes > Damselfishes (Pomacentridae) > Indian Half-and-Half (Pycnochromis dimidiatus),Small Ovals - Damselfishes,Pomacentridae,Pycnochromis,Indian Half-and-Half (Pycnochromis dimidiatus),[1092.0297542]
3430478,Indian Half-and-Half (Pycnochromis dimidiatus),Small Ovals - Damselfishes > Damselfishes (Pomacentridae) > Indian Half-and-Half (Pycnochromis dimidiatus),Small Ovals - Damselfishes,Pomacentridae,Pycnochromis,Indian Half-and-Half (Pycnochromis dimidiatus),[1092.0297542]
3430479,Indian Half-and-Half (Pycnochromis dimidiatus),Small Ovals - Damselfishes > Damselfishes (Pomacentridae) > Indian Half-and-Half (Pycnochromis dimidiatus),Small Ovals - Damselfishes,Pomacentridae,Pycnochromis,Indian Half-and-Half (Pycnochromis dimidiatus),[1092.0297542]
3430480,Indian Half-and-Half (Pycnochromis dimidiatus),Small Ovals - Damselfishes > Damselfishes (Pomacentridae) > Indian Half-and-Half (Pycnochromis dimidiatus),Small Ovals - Damselfishes,Pomacentridae,Pycnochromis,Indian Half-and-Half (Pycnochromis dimidiatus),[1092.0297542]
3430481,Indian Half-and-Half (Pycnochromis dimidiatus),Small Ovals - Damselfishes > Damselfishes (Pomacentridae) > Indian Half-and-Half (Pycnochromis dimidiatus),Small Ovals - Damselfishes,Pomacentridae,Pycnochromis,Indian Half-and-Half (Pycnochromis dimidiatus),[1092.0297542]
3430482,Indian Half-and-Half (Pycnochromis dimidiatus),Small Ovals - Damselfishes > Damselfishes (Pomacentridae) > Indian Half-and-Half (Pycnochromis dimidiatus),Small Ovals - Damselfishes,Pomacentridae,Pycnochromis,Indian Half-and-Half (Pycnochromis dimidiatus),[1092.0297542]
3430483,Indian Half-and-Half (Pycnochromis dimidiatus),Small Ovals - Damselfishes > Damselfishes (Pomacentridae) > Indian Half-and-Half (Pycnochromis dimidiatus),Small Ovals - Damselfishes,Pomacentridae,Pycnochromis,Indian Half-and-Half (Pycnochromis dimidiatus),[1092.0297542]
3430484,Indian Half-and-Half (Pycnochromis dimidiatus),Small Ovals - Damselfishes > Damselfishes (Pomacentridae) > Indian Half-and-Half (Pycnochromis dimidiatus),Small Ovals - Damselfishes,Pomacentridae,Pycnochromis,Indian Half-and-Half (Pycnochromis dimidiatus),[1092.0297542]
3430485,Indian Half-and-Half (Pycnochromis dimidiatus),Small Ovals - Damselfishes > Damselfishes (Pomacentridae) > Indian Half-and-Half (Pycnochromis dimidiatus),Small Ovals - Damselfishes,Pomacentridae,Pycnochromis,Indian Half-and-Half (Pycnochromis dimidiatus),[1092.0297542]
3430486,Indian Half-and-Half (Pycnochromis dimidiatus),Small Ovals - Damselfishes > Damselfishes (Pomacentridae) > Indian Half-and-Half (Pycnochromis dimidiatus),Small Ovals - Damselfishes,Pomacentridae,Pycnochromis,Indian Half-and-Half (Pycnochromis dimidiatus),[1092.0297542]
3430487,Indian Half-and-Half (Pycnochromis dimidiatus),Small Ovals - Damselfishes > Damselfishes (Pomacentridae) > Indian Half-and-Half (Pycnochromis dimidiatus),Small Ovals - Damselfishes,Pomacentridae,Pycnochromis,Indian Half-and-Half (Pycnochromis dimidiatus),[1092.0297542]
3430488,Indian Half-and-Half (Pycnochromis dimidiatus),Small Ovals - Damselfishes > Damselfishes (Pomacentridae) > Indian Half-and-Half (Pycnochromis dimidiatus),Small Ovals - Damselfishes,Pomacentridae,Pycnochromis,Indian Half-and-Half (Pycnochromis dimidiatus),[1092.0297542]
3430489,Indian Half-and-Half (Pycnochromis dimidiatus),Small Ovals - Damselfishes > Damselfishes (Pomacentridae) > Indian Half-and-Half (Pycnochromis dimidiatus),Small Ovals - Damselfishes,Pomacentridae,Pycnochromis,Indian Half-and-Half (Pycnochromis dimidiatus),[1092.0297542]
3430490,Indian Half-and-Half (Pycnochromis dimidiatus),Small Ovals - Damselfishes > Damselfishes (Pomacentridae) > Indian Half-and-Half (Pycnochromis dimidiatus),Small Ovals - Damselfishes,Pomacentridae,Pycnochromis,Indian Half-and-Half (Pycnochromis dimidiatus),[1092.0297542]
3430491,Indian Half-and-Half (Pycnochromis dimidiatus),Small Ovals - Damselfishes > Damselfishes (Pomacentridae) > Indian Half-and-Half (Pycnochromis dimidiatus),Small Ovals - Damselfishes,Pomacentridae,Pycnochromis,Indian Half-and-Half (Pycnochromis dimidiatus),[1092.0297542]
3430492,Indian Half-and-Half (Pycnochromis dimidiatus),Small Ovals - Damselfishes > Damselfishes (Pomacentridae) > Indian Half-and-Half (Pycnochromis dimidiatus),Small Ovals - Damselfishes,Pomacentridae,Pycnochromis,Indian Half-and-Half (Pycnochromis dimidiatus),[1092.0297542]
3430493,Indian Half-and-Half (Pycnochromis dimidiatus),Small Ovals - Damselfishes > Damselfishes (Pomacentridae) > Indian Half-and-Half (Pycnochromis dimidiatus),Small Ovals - Damselfishes,Pomacentridae,Pycnochromis,Indian Half-and-Half (Pycnochromis dimidiatus),[1092.0297542]
3430494,Indian Half-and-Half (Pycnochromis dimidiatus),Small Ovals - Damselfishes > Damselfishes (Pomacentridae) > Indian Half-and-Half (Pycnochromis dimidiatus),Small Ovals - Damselfishes,Pomacentridae,Pycnochromis,Indian Half-and-Half (Pycnochromis dimidiatus),[1092.0297542]
3559278,Genus Naso,Large Ovals > Surgeonfishes (Acanthuridae) > Genus Naso,Large Ovals,Acanthuridae,,Genus Naso,[168.5272297]
3559280,Naso Feeding,Large Ovals > Surgeonfishes (Acanthuridae) > Genus Naso > Naso Feeding,Large Ovals,Acanthuridae,,Naso Feeding,[385.8092227]
3559281,Emperor (Pomacanthus imperator),Disk-shaped/Colourful > Angelfishes (Pomacanthidae) > Emperor (Pomacanthus imperator),Disk-shaped/Colourful,Pomacanthidae,Pomacanthus,Emperor (Pomacanthus imperator),[1234.0189725]
3559285,Arabian Monocle (Scolopsis ghanam),Sloping Heads > Coral Breams (Nemipteridae) > Arabian Monocle (Scolopsis ghanam),Sloping Heads,Nemipteridae,Scolopsis,Arabian Monocle (Scolopsis ghanam),[2227.2478708]
3559287,Yellowtail (Anampses meleagrides),Wrasses > Wrasses (Labridae) > Yellowtail (Anampses meleagrides),Wrasses,Labridae,Anampses,Yellowtail (Anampses meleagrides),[3285.9331513]
3620540,Genus Siganus,Large Ovals > Rabbitfishes (Siganidae) > Genus Siganus,Large Ovals,Siganidae,,Genus Siganus,[1372.141271]
3620541,Genus Siganus,Large Ovals > Rabbitfishes (Siganidae) > Genus Siganus,Large Ovals,Siganidae,,Genus Siganus,[1372.141271]
3620542,Genus Siganus,Large Ovals > Rabbitfishes (Siganidae) > Genus Siganus,Large Ovals,Siganidae,,Genus Siganus,[1372.141271]
3620543,Genus Siganus,Large Ovals > Rabbitfishes (Siganidae) > Genus Siganus,Large Ovals,Siganidae,,Genus Siganus,[1372.141271]
3620544,Genus Siganus,Large Ovals > Rabbitfishes (Siganidae) > Genus Siganus,Large Ovals,Siganidae,,Genus Siganus,[1372.141271]
3620545,Genus Siganus,Large Ovals > Rabbitfishes (Siganidae) > Genus Siganus,Large Ovals,Siganidae,,Genus Siganus,[1372.141271]
3620546,Genus Siganus,Large Ovals > Rabbitfishes (Siganidae) > Genus Siganus,Large Ovals,Siganidae,,Genus Siganus,[1372.141271]
3620547,Yellowbreast (Anampses twistii),Wrasses > Wrasses (Labridae) > Yellowbreast (Anampses twistii),Wrasses,Labridae,Anampses,Yellowbreast (Anampses twistii),[1524.818845]
